active_energy,total_energy,active_power_avg,active_power_peak,active_power_p50,active_power_p95,total_power_avg,total_power_peak,total_power_p50,total_power_p95,active_gpu_util_avg,active_gpu_util_peak,active_gpu_util_p50,active_gpu_util_p95,active_mem_avg,active_mem_peak,active_mem_p50,active_mem_p95,total_mem_avg,total_mem_peak,total_mem_p50,total_mem_p95,total_gpu_util_avg,total_gpu_util_peak,total_gpu_util_p50,total_gpu_util_p95,In Tokens Total,In Tokens Avg,In Tokens P50,In Tokens P95,In Tokens Max,In Tokens Min,Out Tokens Total,Out Tokens Avg,Out Tokens P50,Out Tokens P95,Out Tokens Max,Out Tokens Min,Latency Total (s),Latency Avg (s),Latency P50 (s),Latency P95 (s),Latency Max (s),Latency Min (s),TTFT Avg (s),TTFT P50 (s),TTFT P95 (s),TTFT Max (s),TTFT Min (s),Throughput (in+out) tok/s,Throughput (out) tok/s,Throughput (in) tok/s,Energy/Tok (in+out) J/1000,Energy/Tok (out) J/1000,Energy/Tok (in) J/1000,Model Name,FrameWork,Hardware type,TP Size,PP Size,EP,Batch Size
56427.784499999994,87143.22951615737,374.9354451827242,439.695,375.445,407.597,579.024780730897,644.207,579.457,612.1800000000001,77.29568106312293,86.0,78.0,81.0,78133.3125,78133.3125,78133.3125,78133.3125,79583.0625,79583.0625,79583.0625,79583.0625,19.323920265780732,21.5,19.5,20.25,351722,351.722,152.0,1250.2499999999998,5135,45,221270,221.27,197.5,493.0,1133,11,149.55738997459412,2.321546613931656,2.0812714099884033,5.126869237422941,11.956719875335693,0.11471247673034668,0.017320047378540038,0.01362907886505127,0.03711971044540405,0.14013314247131348,0.010495901107788086,3831.2516693246407,1479.4989404240605,2351.75272890058,152.08454832904712,393.832103385716,247.76166835215702,meta-llama/Llama-3.1-8B-Instruct,vLLM,NVIDIA H100 80GB HBM3,1,1,1,16
36416.4535,54296.52454887653,416.18804000000006,489.91,422.107,458.01689999999996,620.5317085714286,694.052,626.4569999999999,662.4467,74.84571428571428,95.0,76.0,82.0,78133.3125,78133.3125,78133.3125,78133.3125,79583.0625,79583.0625,79583.0625,79583.0625,18.71142857142857,23.75,19.0,20.5,351722,351.722,152.0,1250.2499999999998,5135,45,221270,221.27,197.5,493.0,1133,11,86.52309703826904,2.6020280947685244,2.322977662086487,5.771344184875488,13.468776226043701,0.11798596382141113,0.019223612546920777,0.014679908752441406,0.04620933532714844,0.16080570220947266,0.010955333709716797,6622.416668078426,2557.3518236654495,4065.0648444129765,94.75965554296837,245.3858387891559,154.3734101047888,meta-llama/Llama-3.1-8B-Instruct,vLLM,NVIDIA H100 80GB HBM3,1,1,1,32
26513.137999999995,38482.64556517505,453.2160341880341,536.886,465.621,515.218,657.823,741.683,670.5930000000001,719.936,71.74358974358974,95.0,73.0,80.39999999999998,78002.47489316239,78005.3125,78003.3125,78005.3125,79452.22489316239,79455.0625,79453.0625,79455.0625,17.935897435897434,23.75,18.25,20.099999999999994,351722,351.722,152.0,1250.2499999999998,5135,45,221270,221.27,197.5,493.0,1133,11,57.790497064590454,3.33456826877594,2.9360268115997314,7.384779095649719,17.428205251693726,0.15662717819213867,0.02369891023635864,0.017634034156799316,0.050909996032714844,0.1679091453552246,0.01199793815612793,9914.986530736818,3828.830192491581,6086.156338245238,67.16087757800292,173.91713998813688,109.4121083275287,meta-llama/Llama-3.1-8B-Instruct,vLLM,NVIDIA H100 80GB HBM3,1,1,1,64
21954.230000000007,31349.701500000006,477.26586956521754,638.688,502.6625,542.3476,681.5152499999999,843.323,706.914,746.4483,66.91304347826087,95.0,67.0,79.9,79113.59510869565,79173.3125,79171.3125,79173.3125,80563.34510869565,80623.0625,80621.0625,80623.0625,16.72826086956522,23.75,16.75,19.975,351722,351.722,152.0,1250.2499999999998,5135,45,221270,221.27,197.5,493.0,1133,11,44.91895246505737,4.920834641218185,4.340352177619934,10.782917404174801,24.45000433921814,0.24964165687561035,0.03292568755149841,0.02430570125579834,0.07315535545349107,0.3766939640045166,0.01562356948852539,12756.130064380568,4925.983084136407,7830.146980244161,54.71228481374959,141.68075880146432,89.1320460477309,meta-llama/Llama-3.1-8B-Instruct,vLLM,NVIDIA H100 80GB HBM3,1,1,1,128
19420.282,27598.18006508136,485.50705,678.457,512.88,578.5120999999998,689.9545,883.4409999999999,717.1305,783.0893999999998,65.3625,95.0,67.5,86.05,78220.2375,80769.3125,78213.3125,78219.4125,79669.9875,82219.0625,79663.0625,79669.1625,16.340625,23.75,16.875,21.5125,351722,351.722,152.0,1250.2499999999998,5135,45,221270,221.27,197.5,493.0,1133,11,39.159714460372925,7.9579221427440645,7.09532105922699,17.48755174875259,31.69356346130371,0.44344139099121094,0.047512079954147336,0.041324615478515625,0.10672181844711304,0.29794788360595703,0.02315378189086914,14632.180236651891,5650.449781085886,8981.730455566005,48.16503557655493,124.72626232693705,78.46589086005812,meta-llama/Llama-3.1-8B-Instruct,vLLM,NVIDIA H100 80GB HBM3,1,1,1,
82870.0451158309,106811.51318089437,470.8525284090909,584.608,468.3885,511.7126999999999,606.8835965909092,720.656,604.4165,647.7603499999999,60.05397727272727,83.5,60.5,65.5,156486.17045454544,156486.625,156486.625,156486.625,157444.67045454544,157445.125,157445.125,157445.125,30.026988636363637,41.75,30.25,32.75,351722,351.722,152.0,1250.2499999999998,5135,45,221270,221.27,197.5,493.0,1133,11,174.93834018707275,2.7133865032196045,2.4152638912200928,6.029606926441192,13.951987028121948,0.13652539253234863,0.017179811477661133,0.014259099960327148,0.031630718708038325,0.10919427871704102,0.012237071990966797,3275.3940581993807,1264.845657980874,2010.5484002185065,186.41012995101917,482.720265652345,303.68163828505004,meta-llama/Llama-3.1-8B-Instruct,vLLM,NVIDIA H100 80GB HBM3,2,1,1,16
51249.338,65067.77571168876,504.91958620689644,605.8499999999999,506.673,558.3315999999999,641.061827586207,742.0449999999998,643.0469999999999,694.5411999999999,59.967980295566505,86.0,59.5,69.5,156358.17179802957,156358.625,156358.625,156358.625,157316.67179802957,157317.125,157317.125,157317.125,29.983990147783253,43.0,29.75,34.75,351722,351.722,152.0,1250.2499999999998,5135,45,221270,221.27,197.5,493.0,1133,11,100.49007534980774,3.0149696354866027,2.681419014930725,6.653600490093229,15.537265300750732,0.14250826835632324,0.018705013036727905,0.01552128791809082,0.03877830505371094,0.1253528594970703,0.01281881332397461,5701.976021068794,2201.908986830343,3500.0670342384506,113.55791304536321,294.06505948248184,184.99774171558434,meta-llama/Llama-3.1-8B-Instruct,vLLM,NVIDIA H100 80GB HBM3,2,1,1,32
35420.1415,43864.55054891372,571.2926048387096,721.559,586.2275,660.50255,707.4927500000001,857.877,722.441,796.6843,56.471774193548384,93.0,57.0,64.85,156034.68951612903,156036.625,156036.625,156036.625,156993.18951612903,156995.125,156995.125,156995.125,28.235887096774192,46.5,28.5,32.425,351722,351.722,152.0,1250.2499999999998,5135,45,221270,221.27,197.5,493.0,1133,11,61.238932847976685,3.4879468309879305,3.090429186820984,7.8670253276824935,17.75520133972168,0.17246580123901367,0.021620256423950195,0.017318129539489746,0.04011654853820801,0.1311476230621338,0.013606071472167969,9356.662066963689,3613.2242955522156,5743.437771411472,76.55351304889723,198.23993559413262,124.7136958987886,meta-llama/Llama-3.1-8B-Instruct,vLLM,NVIDIA H100 80GB HBM3,2,1,1,64
27868.4605,33860.9845,633.3741022727273,961.395,666.2860000000001,748.7361999999998,769.5678295454545,1097.721,802.5165,884.9042499999998,55.21022727272727,90.5,56.5,67.82499999999999,156788.625,156844.625,156844.625,156844.625,157747.125,157803.125,157803.125,157803.125,27.605113636363637,45.25,28.25,33.912499999999994,351722,351.722,152.0,1250.2499999999998,5135,45,221270,221.27,197.5,493.0,1133,11,43.127373933792114,4.55625906586647,4.08392870426178,9.963339340686797,22.859617233276367,0.2295229434967041,0.028139317274093627,0.021199345588684082,0.04807423353195123,0.4028506278991699,0.015436887741088867,13286.039648035157,5130.61612190177,8155.423526133387,59.09503884870993,153.03016450490352,96.27201170242407,meta-llama/Llama-3.1-8B-Instruct,vLLM,NVIDIA H100 80GB HBM3,2,1,1,128
24697.115,29727.3481787622,667.4895945945947,1069.562,709.818,871.0259499999994,803.4418378378379,1205.5649999999998,845.9465,1006.8283999999994,53.222972972972975,90.5,53.75,74.85,156088.9222972973,157738.625,156150.625,156156.625,157047.4222972973,158697.125,157109.125,157115.125,26.611486486486488,45.25,26.875,37.425,351722,351.722,152.0,1250.2499999999998,5135,45,221270,221.27,197.5,493.0,1133,11,35.902631759643555,7.005159596920014,6.248918175697327,15.341735410690303,27.95158076286316,0.3828251361846924,0.040036851644515994,0.036152005195617676,0.08658251762390136,0.3220353126525879,0.02054762840270996,15959.609976115264,6163.057947432118,9796.552028683145,51.88091313449787,134.3487512033362,84.51944484212589,meta-llama/Llama-3.1-8B-Instruct,vLLM,NVIDIA H100 80GB HBM3,2,1,1,
139299.319,139299.319,737.033433862434,854.9159999999999,735.403,781.0269499999998,737.033433862434,854.9159999999999,735.403,781.0269499999998,57.370370370370374,75.0,57.25,64.7875,308699.9484126984,308701.25,308701.25,308701.25,308699.9484126984,308701.25,308701.25,308701.25,57.370370370370374,75.0,57.25,64.7875,351722,351.722,152.0,1250.2499999999998,5135,45,221270,221.27,197.5,493.0,1133,11,188.240149974823,2.9207010142803194,2.630310297012329,6.5211718559265135,15.039735555648804,0.1466529369354248,0.01922612476348877,0.016743063926696777,0.03578114509582519,0.10503697395324707,0.01306772232055664,3043.9414762293663,1175.4665517935186,1868.4749244358475,243.1086629481738,629.5445338274507,396.04949079102244,meta-llama/Llama-3.1-8B-Instruct,vLLM,NVIDIA H100 80GB HBM3,4,1,1,16
82515.112,82515.112,793.4145384615385,905.578,797.114,852.0248499999999,793.4145384615385,905.578,797.114,852.0248499999999,59.03245192307692,76.5,59.75,64.6625,308410.0,308413.25,308413.25,308413.25,308410.0,308413.25,308413.25,308413.25,59.03245192307692,76.5,59.75,64.6625,351722,351.722,152.0,1250.2499999999998,5135,45,221270,221.27,197.5,493.0,1133,11,102.88580679893494,3.0896594171524048,2.7656800746917725,6.773142719268797,16.18945860862732,0.14314770698547363,0.020373806953430176,0.017351150512695312,0.03669667243957519,0.1119225025177002,0.013122797012329102,5569.203545439191,2150.636777650176,3418.566767789014,144.00744163967386,372.91594884078273,234.60321503915023,meta-llama/Llama-3.1-8B-Instruct,vLLM,NVIDIA H100 80GB HBM3,4,1,1,32
56299.09759699512,56299.09759699512,840.2850373134329,1004.592,853.106,943.5124999999999,840.2850373134329,1004.592,853.106,943.5124999999999,58.9384328358209,91.75,58.25,71.63749999999999,307940.1604477612,307949.25,307949.25,307949.25,307940.1604477612,307949.25,307949.25,307949.25,58.9384328358209,91.75,58.25,71.63749999999999,351722,351.722,152.0,1250.2499999999998,5135,45,221270,221.27,197.5,493.0,1133,11,66.09403467178345,3.7662405092716216,3.3670804500579834,8.382095992565153,19.22843623161316,0.18427014350891113,0.023641446113586425,0.020126819610595703,0.03918187618255613,0.1197199821472168,0.014732122421264648,8669.345166253242,3347.80591166518,5321.539254588062,98.25459621948494,254.43619829617714,160.067034751864,meta-llama/Llama-3.1-8B-Instruct,vLLM,NVIDIA H100 80GB HBM3,4,1,1,64
42633.295999999995,42633.295999999995,907.0914042553192,1258.8870000000002,943.4019999999999,1054.6127000000001,907.0914042553192,1258.8870000000002,943.4019999999999,1054.6127000000001,57.827127659574465,90.75,58.625,73.11249999999995,309264.14361702127,309349.25,309349.25,309349.25,309264.14361702127,309349.25,309349.25,309349.25,57.827127659574465,90.75,58.625,73.11249999999995,351722,351.722,152.0,1250.2499999999998,5135,45,221270,221.27,197.5,493.0,1133,11,46.036503076553345,4.873869239807129,4.3880064487457275,10.637100183963774,24.22557806968689,0.261000394821167,0.029263611793518066,0.024866700172424316,0.04665662050247132,0.37514662742614746,0.0165402889251709,12446.470989492425,4806.4032933182125,7640.067696174214,74.40469674969283,192.67544628734123,121.21304894206217,meta-llama/Llama-3.1-8B-Instruct,vLLM,NVIDIA H100 80GB HBM3,4,1,1,128
36360.7695,36360.7695,944.4355714285713,1478.734,995.481,1168.3262000000004,944.4355714285713,1478.734,995.481,1168.3262000000004,54.327922077922075,92.25,56.25,72.25,307890.6785714286,308135.25,308119.25,308135.25,307890.6785714286,308135.25,308119.25,308135.25,54.327922077922075,92.25,56.25,72.25,351722,351.722,152.0,1250.2499999999998,5135,45,221270,221.27,197.5,493.0,1133,11,37.491393089294434,7.276712983846664,6.526215195655823,16.04904372692108,29.119799852371216,0.39366984367370605,0.039814869165420534,0.03728199005126953,0.0818661093711853,0.3531489372253418,0.021785497665405273,15283.294452016944,5901.887920595382,9381.406531421562,63.457726285881826,164.3276065440412,103.37928676625289,meta-llama/Llama-3.1-8B-Instruct,vLLM,NVIDIA H100 80GB HBM3,4,1,1,
61467.127499999995,100308.91272759579,322.6620866141732,412.723,320.71,355.696,526.5559711286089,616.197,524.502,559.806,68.30708661417323,96.0,68.0,75.0,78170.32037401575,78171.3125,78171.3125,78171.3125,79620.07037401575,79621.0625,79621.0625,79621.0625,17.076771653543307,24.0,17.0,18.75,332726,332.726,127.5,1244.0,6717,18,223192,223.192,199.5,493.14999999999986,1173,10,189.620934009552,2.9449525887966157,2.6449060440063477,6.502352595329284,15.902701139450073,0.13181567192077637,0.019269947052001954,0.015238761901855469,0.039809668064117426,0.20087051391601562,0.01326608657836914,2931.733265125654,1177.043036760682,1754.6902283649715,180.43832494647734,449.42879999102024,301.4760275049013,Qwen/Qwen3-8B,vLLM,NVIDIA H100 80GB HBM3,1,1,1,16
39571.959,62637.696016157155,350.19432743362836,446.972,349.94550000000004,392.57575,554.3158938053097,651.878,553.9404999999999,596.2159999999999,65.99557522123894,95.0,66.0,74.0,78099.05586283185,78099.3125,78099.3125,78099.3125,79548.80586283185,79549.0625,79549.0625,79549.0625,16.498893805309734,23.75,16.5,18.5,332726,332.726,127.5,1244.0,6717,18,223192,223.192,199.5,493.14999999999986,1173,10,112.0230987071991,3.369218829870224,3.0210732221603394,7.458623838424681,17.891463041305542,0.15004634857177734,0.021563050031661986,0.016884446144104004,0.05037403106689453,0.21019220352172852,0.014426231384277344,4962.5301068758445,1992.37480997887,2970.1552968969745,112.67434408700052,280.64489773897435,188.2560906456278,Qwen/Qwen3-8B,vLLM,NVIDIA H100 80GB HBM3,1,1,1,32
27778.287500000002,41371.77404892564,417.71860902255645,529.6,431.958,491.187,622.1319398496241,734.005,636.173,695.3032000000001,69.42105263157895,92.0,70.0,80.39999999999999,78053.7034774436,78057.3125,78057.3125,78057.3125,79503.4534774436,79507.0625,79507.0625,79507.0625,17.355263157894736,23.0,17.5,20.099999999999998,332726,332.726,127.5,1244.0,6717,18,223192,223.192,199.5,493.14999999999986,1173,10,65.60863471031189,3.7515284395217896,3.3695807456970215,8.345015072822571,19.924557209014893,0.182570219039917,0.02503033208847046,0.01848924160003662,0.05360603332519531,0.22462749481201172,0.014419078826904297,8473.244451048222,3401.8692964040647,5071.375154644157,74.420641261707,185.36405448638678,124.3418730394548,Qwen/Qwen3-8B,vLLM,NVIDIA H100 80GB HBM3,1,1,1,64
22924.01,33342.771499999995,449.4903921568627,689.599,486.1395,540.0769499999999,653.7798333333334,894.126,690.4455,744.4260499999999,64.11764705882354,94.0,65.5,79.94999999999999,79853.54779411765,79941.3125,79941.3125,79941.3125,81303.29779411765,81391.0625,81391.0625,81391.0625,16.029411764705884,23.5,16.375,19.987499999999997,332726,332.726,127.5,1244.0,6717,18,223192,223.192,199.5,493.14999999999986,1173,10,49.96964478492737,5.311880896568298,4.732585549354553,11.589296269416804,26.981164693832397,0.24500703811645508,0.033832620859146116,0.024696826934814453,0.057872605323791466,0.24809956550598145,0.017539262771606445,11125.114104627071,4466.551662727102,6658.562441899969,59.977859144693994,149.390531470662,100.21089875753621,Qwen/Qwen3-8B,vLLM,NVIDIA H100 80GB HBM3,1,1,1,128
20293.736499999995,29185.74654884934,466.52267816091944,676.913,502.002,593.6077000000001,670.9367011494252,881.9989999999999,706.147,797.9471000000001,62.51724137931034,91.0,64.0,80.10000000000001,80580.1860632184,81137.3125,80805.3125,80809.3125,82029.9360632184,82587.0625,82255.0625,82259.0625,15.629310344827585,22.75,16.0,20.025000000000002,332726,332.726,127.5,1244.0,6717,18,223192,223.192,199.5,493.14999999999986,1173,10,42.3413770198822,8.365153890371323,7.483407258987427,18.69495679140091,33.62091636657715,0.42745065689086914,0.04912029480934143,0.04235506057739258,0.10947368144989011,0.3293745517730713,0.024155855178833008,13129.426559248606,5271.250386948822,7858.176172299785,52.50009272743343,130.76520013642667,87.71706013010507,Qwen/Qwen3-8B,vLLM,NVIDIA H100 80GB HBM3,1,1,1,
94518.0325,124657.211,426.71797968397294,549.038,423.298,461.3885,562.7865056433409,685.353,559.4399999999999,597.5614,54.34198645598194,81.5,54.0,60.44999999999999,156257.31574492098,156258.625,156256.625,156258.625,157215.81574492098,157217.125,157215.125,157217.125,27.17099322799097,40.75,27.0,30.224999999999994,332726,332.726,127.5,1244.0,6717,18,223192,223.192,199.5,493.14999999999986,1173,10,220.70069026947021,3.4258975508213045,3.0833969116210938,7.601881325244904,18.359987020492554,0.153947114944458,0.020092255115509033,0.01724064350128174,0.0348225474357605,0.15909171104431152,0.015409469604492188,2518.8774866142808,1011.2881827759032,1507.5893038383776,224.23668778488914,558.5200679235815,374.6542530490554,Qwen/Qwen3-8B,vLLM,NVIDIA H100 80GB HBM3,2,1,1,16
57227.688,73960.8470815134,465.265756097561,572.344,466.47249999999997,522.722,601.3076991869918,708.363,602.5435,658.8330000000001,55.21138211382114,87.5,55.0,64.25,156113.5030487805,156114.625,156114.625,156114.625,157072.0030487805,157073.125,157073.125,157073.125,27.60569105691057,43.75,27.5,32.125,332726,332.726,127.5,1244.0,6717,18,223192,223.192,199.5,493.14999999999986,1173,10,122.0374231338501,3.665966042518616,3.291773796081543,8.104231369495391,19.392874717712402,0.16680192947387695,0.021264631032943727,0.018117785453796387,0.04215121269226074,0.16644001007080078,0.015796422958374023,4555.307591100736,1828.8816190030825,2726.4259720976543,133.04272767119144,331.37767967271856,222.2875491591081,Qwen/Qwen3-8B,vLLM,NVIDIA H100 80GB HBM3,2,1,1,32
39390.86450000001,49673.83100000001,521.7333046357616,678.335,530.796,619.1265000000001,657.931536423841,814.703,667.175,755.2955000000001,54.68543046357616,92.5,54.0,66.0,155912.77069536425,155916.625,155916.625,155916.625,156871.27069536425,156875.125,156875.125,156875.125,27.34271523178808,46.25,27.0,33.0,332726,332.726,127.5,1244.0,6717,18,223192,223.192,199.5,493.14999999999986,1173,10,74.54176068305969,4.229519768476486,3.7756022214889526,9.30576395988464,22.09311580657959,0.20214200019836426,0.025067145347595216,0.020525455474853516,0.044690048694610594,0.3171677589416504,0.017181396484375,7457.806133177875,2994.187391802813,4463.618741375062,89.3546008584,222.5609833685796,149.29350576750844,Qwen/Qwen3-8B,vLLM,NVIDIA H100 80GB HBM3,2,1,1,64
30247.3975,37193.721565270425,593.0862254901962,926.519,629.072,713.28145,729.2886568627451,1062.913,765.1815,849.3969,55.80392156862745,92.0,55.0,70.0,157663.23284313726,157748.625,157748.625,157748.625,158621.73284313726,158707.125,158707.125,158707.125,27.901960784313726,46.0,27.5,35.0,332726,332.726,127.5,1244.0,6717,18,223192,223.192,199.5,493.14999999999986,1173,10,50.14482498168945,5.2569505581855775,4.70280134677887,11.490932655334472,26.66344714164734,0.24636030197143555,0.030635342836380006,0.023870468139648438,0.048327744007110596,0.31320810317993164,0.01880502700805664,11086.248684744543,4450.947831236808,6635.300853507734,66.90504996289097,166.64451040032986,111.78483666822078,Qwen/Qwen3-8B,vLLM,NVIDIA H100 80GB HBM3,2,1,1,128
26139.2475,31784.824500000002,629.8613855421687,1047.6709999999998,691.601,825.7118999999997,765.8993855421687,1183.8939999999998,827.5840000000001,961.5771999999997,51.855421686746986,88.0,52.0,75.0,154718.31174698795,157940.625,154642.625,154650.625,155676.81174698795,158899.125,155601.125,155609.125,25.927710843373493,44.0,26.0,37.5,332726,332.726,127.5,1244.0,6717,18,223192,223.192,199.5,493.14999999999986,1173,10,40.711021184921265,7.671384291648865,6.8397732973098755,17.042681849002836,31.085856676101685,0.37800025939941406,0.043128612518310544,0.03748011589050293,0.09234147071838378,0.34732842445373535,0.02333235740661621,13655.221210857355,5482.34835442219,8172.872856435166,57.17538288020896,142.41023199756265,95.5285264752379,Qwen/Qwen3-8B,vLLM,NVIDIA H100 80GB HBM3,2,1,1,
168210.02170569228,168210.02170569228,700.8750895833333,837.7299999999999,697.557,738.0292,700.8750895833333,837.7299999999999,697.557,738.0292,59.6890625,91.25,59.75,66.27499999999998,308587.1875,308589.25,308589.25,308589.25,308587.1875,308589.25,308589.25,308589.25,59.6890625,91.25,59.75,66.27499999999998,332726,332.726,127.5,1244.0,6717,18,223192,223.192,199.5,493.14999999999986,1173,10,239.08007311820984,3.7118164899349213,3.3314387798309326,8.247519433498383,19.599590063095093,0.16669106483459473,0.022640778064727782,0.01963794231414795,0.040020179748535153,0.14798998832702637,0.01678323745727539,2325.2377027889484,933.5449713102848,1391.6927314786633,302.58063546366964,753.6561422707458,505.5511793658815,Qwen/Qwen3-8B,vLLM,NVIDIA H100 80GB HBM3,4,1,1,16
96863.96784091377,96863.96784091377,747.984305019305,888.638,748.6089999999999,806.2321999999999,747.984305019305,888.638,748.6089999999999,806.2321999999999,61.67084942084942,77.5,61.75,69.0,308048.3774131274,308051.25,308051.25,308051.25,308048.3774131274,308051.25,308051.25,308051.25,61.67084942084942,77.5,61.75,69.0,332726,332.726,127.5,1244.0,6717,18,223192,223.192,199.5,493.14999999999986,1173,10,128.6443109512329,3.8621830921173097,3.464879870414734,8.528469669818877,20.48066282272339,0.17598891258239746,0.023340719699859618,0.020132899284362793,0.040381073951721184,0.15696287155151367,0.016671419143676758,4321.357049444184,1734.9542964601728,2586.4027529840114,174.24146698058667,433.99390587885665,291.1223284050954,Qwen/Qwen3-8B,vLLM,NVIDIA H100 80GB HBM3,4,1,1,32
64272.609500000006,64272.609500000006,803.40761875,970.0830000000001,811.7365,900.3776999999998,803.40761875,970.0830000000001,811.7365,900.3776999999998,60.609375,88.5,60.125,70.2875,307616.0125,307623.25,307623.25,307623.25,307616.0125,307623.25,307623.25,307623.25,60.609375,88.5,60.125,70.2875,332726,332.726,127.5,1244.0,6717,18,223192,223.192,199.5,493.14999999999986,1173,10,78.96289396286011,4.492434524059296,3.998581886291504,9.903978979587553,23.948789358139038,0.21216797828674316,0.0271012921333313,0.02278876304626465,0.042981708049774164,0.37156248092651367,0.017894268035888672,7040.243487801674,2826.5428076252815,4213.700680176393,115.615269698049,287.9700414889423,193.16978384616775,Qwen/Qwen3-8B,vLLM,NVIDIA H100 80GB HBM3,4,1,1,64
47418.245500000005,47418.245500000005,870.0595504587155,1260.6009999999999,904.1239999999999,1005.0624,870.0595504587155,1260.6009999999999,904.1239999999999,1005.0624,60.944954128440365,90.0,61.25,72.39999999999998,309762.1123853211,309869.25,309869.25,309869.25,309762.1123853211,309869.25,309869.25,309869.25,60.944954128440365,90.0,61.25,72.39999999999998,332726,332.726,127.5,1244.0,6717,18,223192,223.192,199.5,493.14999999999986,1173,10,53.35932016372681,5.602677735328674,5.056904554367065,12.316698884963989,28.674181938171387,0.2729980945587158,0.03310476088523865,0.026717424392700195,0.04947662353515625,0.3839304447174072,0.01982283592224121,10418.386109385032,4182.81191205513,6235.574197329901,85.29719401062748,212.45495134234204,142.51439773266895,Qwen/Qwen3-8B,vLLM,NVIDIA H100 80GB HBM3,4,1,1,128
39575.938623400216,39575.938623400216,920.3706627906976,1407.089,975.6745,1123.69625,920.3706627906976,1407.089,975.6745,1123.69625,57.825581395348834,92.75,59.125,72.875,305046.06395348837,305417.25,305111.25,305119.25,305046.06395348837,305417.25,305111.25,305119.25,57.825581395348834,92.75,59.125,72.875,332726,332.726,127.5,1244.0,6717,18,223192,223.192,199.5,493.14999999999986,1173,10,41.9204843044281,7.955014305114746,7.146780371665955,17.657949984073632,32.29700565338135,0.40593957901000977,0.04361708807945251,0.04085111618041992,0.08743939399719235,0.442401647567749,0.023723125457763672,13261.249463696626,5324.175130687219,7937.074333009407,71.1902450062783,177.3179084528129,118.94453280897862,Qwen/Qwen3-8B,vLLM,NVIDIA H100 80GB HBM3,4,1,1,
96879.71904513764,172326.3294178586,261.83707837837835,366.161,259.30449999999996,297.2589,465.7468351351352,570.23,462.995,501.2965499999999,45.83783783783784,98.0,45.0,52.0,78206.9152027027,78207.3125,78207.3125,78207.3125,79656.6652027027,79657.0625,79657.0625,79657.0625,11.45945945945946,24.5,11.25,13.0,328308,328.308,127.5,1228.6499999999994,5055,19,224348,224.348,199.0,508.0,1174,11,369.2086751461029,5.74323985004425,5.060853600502014,12.944538617134093,30.12911081314087,0.2874901294708252,0.03253325033187866,0.02875375747680664,0.050771355628967264,0.18375110626220703,0.026142597198486328,1496.8662363670178,607.645527048413,889.2207093186049,311.81481684421885,768.1206403349198,524.8922640260323,google/gemma-2-9b-it,vLLM,NVIDIA H100 80GB HBM3,1,1,1,16
61541.221000000005,101219.4235,316.4073059125964,419.903,317.381,367.9155999999999,520.4083470437017,624.3299999999999,521.25,572.103,52.22879177377892,95.0,52.0,64.59999999999997,78038.96802699228,78039.3125,78039.3125,78039.3125,79488.71802699228,79489.0625,79489.0625,79489.0625,13.05719794344473,23.75,13.0,16.14999999999999,328308,328.308,127.5,1228.6499999999994,5055,19,224348,224.348,199.0,508.0,1174,11,193.8481731414795,5.836795135498047,5.146007061004639,13.128893887996671,30.758198261260986,0.2792544364929199,0.033754204511642454,0.030269980430603027,0.061649060249328605,0.18781518936157227,0.025806665420532227,2850.9734760133424,1157.3387376535156,1693.6347383598268,183.1508632856605,451.1714991887603,308.30629622184046,google/gemma-2-9b-it,vLLM,NVIDIA H100 80GB HBM3,1,1,1,32
129431.03468993021,129431.03468993021,240.57810687732342,294.737,239.3435,257.71725,240.57810687732342,294.737,239.3435,257.71725,94.83736059479554,100.0,95.0,97.0,44131.125,44131.125,44131.125,44131.125,44131.125,44131.125,44131.125,44131.125,94.83736059479554,100.0,95.0,97.0,351722,351.722,152.0,1250.2499999999998,5135,45,221270,221.27,197.5,493.0,1133,11,536.7279891967773,8.351397107362747,7.465928792953491,18.39654275178909,44.00588631629944,0.39621543884277344,0.07770660424232483,0.04584860801696777,0.22219856977462768,0.7795214653015137,0.035050392150878906,1067.5649705868561,412.25724101166094,655.3077295751951,225.88628582934876,584.9461503589741,367.99243348420123,meta-llama/Llama-3.1-8B-Instruct,vLLM,NVIDIA A40,1,1,1,16
44132.3965,68012.4485,377.1999700854701,542.972,388.578,447.4132,581.3029786324786,747.114,592.6095,651.3069,58.675213675213676,95.0,59.0,74.0,77879.33814102564,77881.3125,77881.3125,77881.3125,79329.08814102564,79331.0625,79331.0625,79331.0625,14.668803418803419,23.75,14.75,18.5,328308,328.308,127.5,1228.6499999999994,5055,19,224348,224.348,199.0,508.0,1174,11,116.08267831802368,6.5850409965515135,5.820193529129028,14.767272639274593,34.538325548172,0.30855703353881836,0.0386640305519104,0.03269827365875244,0.06710219383239746,0.22525310516357422,0.027182817459106445,4760.882571006215,1932.6569928492631,2828.225578156952,123.06470661677427,303.15602768912584,207.16049715511045,google/gemma-2-9b-it,vLLM,NVIDIA H100 80GB HBM3,1,1,1,64
35702.565500000004,51533.0705,460.6782645161291,676.409,508.827,560.8653,664.9428451612904,881.613,713.351,765.313,66.43225806451613,98.0,70.0,85.0,80244.75766129032,80321.3125,80319.3125,80321.3125,81694.50766129032,81771.0625,81769.0625,81771.0625,16.608064516129033,24.5,17.5,21.25,328308,328.308,127.5,1228.6499999999994,5055,19,224348,224.348,199.0,508.0,1174,11,76.56680274009705,7.997769439458847,7.00513482093811,17.744020867347718,40.713172912597656,0.3835012912750244,0.0470437068939209,0.03706514835357666,0.07603152990341186,0.30576300621032715,0.029144287109375,7217.958439194186,2930.094923272953,4287.863515921233,93.24619745375061,229.70149277016066,156.96562526651803,google/gemma-2-9b-it,vLLM,NVIDIA H100 80GB HBM3,1,1,1,128
82525.854707824,82525.854707824,253.5356267281106,302.588,253.922,272.16200000000003,253.5356267281106,302.588,253.922,272.16200000000003,92.95698924731182,100.0,93.0,97.0,44131.125,44131.125,44131.125,44131.125,44131.125,44131.125,44131.125,44131.125,92.95698924731182,100.0,93.0,97.0,351722,351.722,152.0,1250.2499999999998,5135,45,221270,221.27,197.5,493.0,1133,11,324.3703680038452,9.818006954431533,8.855098128318787,21.942524647712705,53.21593403816223,0.4323999881744385,0.08876914668083191,0.05247783660888672,0.272930383682251,0.9219980239868164,0.03768324851989746,1766.4745504534112,682.1523228576076,1084.3222275958035,144.02619008262593,372.9644990636959,234.63375821763776,meta-llama/Llama-3.1-8B-Instruct,vLLM,NVIDIA A40,1,1,1,32
32331.705499999996,45409.99549999999,505.18289843749994,671.804,566.809,614.86735,709.5311796875001,876.41,771.2920000000001,819.5133500000001,65.6875,99.0,69.0,88.0,77569.171875,80789.3125,77539.3125,77545.3125,79018.921875,82239.0625,78989.0625,78995.0625,16.421875,24.75,17.25,22.0,328308,328.308,127.5,1228.6499999999994,5055,19,224348,224.348,199.0,508.0,1174,11,62.91144919395447,11.893149428367614,10.653489470481873,26.730828189849852,47.60711717605591,0.5948741436004639,0.06867253708839416,0.062082767486572266,0.1460733175277709,0.4045450687408447,0.035254478454589844,8784.66490727586,3566.0917507772006,5218.573156498659,82.16683705596246,202.40873776454433,138.3152268601435,google/gemma-2-9b-it,vLLM,NVIDIA H100 80GB HBM3,1,1,1,
56805.074206933976,56805.074206933976,253.59335937500003,302.312,253.63400000000001,281.07469999999995,253.59335937500003,302.312,253.63400000000001,281.07469999999995,90.77901785714286,100.0,90.0,100.0,43999.94642857143,44001.125,44001.125,44001.125,43999.94642857143,44001.125,44001.125,44001.125,90.77901785714286,100.0,90.0,100.0,351722,351.722,152.0,1250.2499999999998,5135,45,221270,221.27,197.5,493.0,1133,11,223.01303672790527,12.987856830120087,11.536105155944824,28.714818465709687,69.50624251365662,0.5518407821655273,0.11190853810310364,0.07299637794494629,0.28352952003479004,0.9421932697296143,0.04433155059814453,2569.320647828757,992.1841487229649,1577.1364991057924,99.13763928106147,256.722891521372,161.50560444593734,meta-llama/Llama-3.1-8B-Instruct,vLLM,NVIDIA A40,1,1,1,64
47006.37347703695,47006.37347703695,270.9300806916427,309.99,276.186,297.4577,270.9300806916427,309.99,276.186,297.4577,88.11239193083574,100.0,89.0,100.0,45114.462175792505,45169.125,45169.125,45169.125,45114.462175792505,45169.125,45169.125,45169.125,88.11239193083574,100.0,89.0,100.0,351722,351.722,152.0,1250.2499999999998,5135,45,221270,221.27,197.5,493.0,1133,11,172.39964413642883,19.05947624874115,16.929021954536438,41.82459681034087,95.04248785972595,0.989448070526123,0.15927112865447998,0.10338354110717773,0.41386590003967283,0.982666015625,0.058182716369628906,3323.626350101753,1283.4713268021453,2040.1550232996074,82.0367011704124,212.43898168317867,133.64638401077255,meta-llama/Llama-3.1-8B-Instruct,vLLM,NVIDIA A40,1,1,1,128
154112.14654729675,208616.91066107366,384.31956733167084,494.10400000000004,379.988,421.24695,520.2416720698254,629.855,515.991,557.26665,46.25748129675811,77.0,46.0,55.5,156222.39058603492,156222.625,156222.625,156222.625,157180.89058603492,157181.125,157181.125,157181.125,23.128740648379054,38.5,23.0,27.75,328308,328.308,127.5,1228.6499999999994,5055,19,224348,224.348,199.0,508.0,1174,11,400.37238597869873,6.228400548458099,5.504502177238464,14.006086719036102,32.77403688430786,0.3139619827270508,0.03301924514770508,0.029592394828796387,0.04240164756774897,0.13825631141662598,0.028287649154663086,1380.3549379387102,560.3483353418288,820.0066025968813,377.4805858636723,929.8808576901673,635.4304819287793,google/gemma-2-9b-it,vLLM,NVIDIA H100 80GB HBM3,2,1,1,16
42423.22995586514,42423.22995586514,271.9437532051282,312.548,276.854,304.9125,271.9437532051282,312.548,276.854,304.9125,87.66346153846153,100.0,87.0,100.0,44828.041666666664,46037.125,44913.125,44917.125,44828.041666666664,46037.125,44913.125,44917.125,87.66346153846153,100.0,87.0,100.0,351722,351.722,152.0,1250.2499999999998,5135,45,221270,221.27,197.5,493.0,1133,11,154.6601321697235,31.84833605837822,28.200430631637573,71.55110790729523,125.14601945877075,1.7596678733825684,0.23648761868476867,0.200464129447937,0.5680782198905945,1.2569246292114258,0.0982828140258789,3704.846180858041,1430.6854448900835,2274.1607359679574,74.03808422432624,191.72608105872982,120.615798715648,meta-llama/Llama-3.1-8B-Instruct,vLLM,NVIDIA A40,1,1,1,
95226.7545,125849.45959774684,423.23002,594.844,421.5325,473.3779499999999,559.3309311111111,731.112,557.6475,609.4552999999999,53.14,93.5,53.5,60.77499999999998,155949.97611111111,155950.625,155950.625,155950.625,156908.47611111111,156909.125,156909.125,156909.125,26.57,46.75,26.75,30.38749999999999,328308,328.308,127.5,1228.6499999999994,5055,19,224348,224.348,199.0,508.0,1174,11,223.92610454559326,6.734226516008377,5.961889982223511,15.079699933528898,35.38353633880615,0.3250143527984619,0.035498882532119753,0.033814430236816406,0.04966601133346556,0.14395856857299805,0.02964043617248535,2468.028464664666,1001.884083391094,1466.1443812735718,227.717530611713,560.9564587058803,383.32742302273124,google/gemma-2-9b-it,vLLM,NVIDIA H100 80GB HBM3,2,1,1,32
64036.76299999999,81936.06749999999,486.9715817490495,770.354,496.735,577.0011999999999,623.0879657794677,906.311,632.97,713.0686,52.35551330798479,92.5,53.5,62.5,155725.4538973384,155730.625,155730.625,155730.625,156683.9538973384,156689.125,156689.125,156689.125,26.177756653992397,46.25,26.75,31.25,328308,328.308,127.5,1228.6499999999994,5055,19,224348,224.348,199.0,508.0,1174,11,130.73315834999084,7.385045747041702,6.528419137001038,16.643790078163143,38.41281032562256,0.3562319278717041,0.03869128060340881,0.035765886306762695,0.052221059799194336,0.17132925987243652,0.031102657318115234,4227.359049342807,1716.0757288475293,2511.283320495278,148.25871337685646,365.21862240804455,249.5707308381154,google/gemma-2-9b-it,vLLM,NVIDIA H100 80GB HBM3,2,1,1,64
130135.69490056181,130135.69490056181,236.1809110707804,289.492,234.556,252.88455000000002,236.1809110707804,289.492,234.556,252.88455000000002,94.38112522686025,100.0,94.0,97.0,44185.05058983666,44185.125,44185.125,44185.125,44185.05058983666,44185.125,44185.125,44185.125,94.38112522686025,100.0,94.0,97.0,332726,332.726,127.5,1244.0,6717,18,223192,223.192,199.5,493.14999999999986,1173,10,549.5444543361664,8.550545642137527,7.682950973510742,18.850353682041167,46.53897571563721,0.3617427349090576,0.0800001790523529,0.04395699501037598,0.22108941078186034,1.098130702972412,0.03653764724731445,1011.597870952101,406.1400278701919,605.4578430819091,234.09152950716077,583.0661264765844,391.11970480383803,Qwen/Qwen3-8B,vLLM,NVIDIA A40,1,1,1,16
47958.189,59256.24659771299,577.8095060240963,1002.087,616.4314999999999,707.6695,713.9306807228916,1138.094,752.5654999999999,843.51525,52.55120481927711,90.0,53.75,68.0,155402.01054216866,157000.625,155406.625,155406.625,156360.51054216866,157959.125,156365.125,156365.125,26.275602409638555,45.0,26.875,34.0,328308,328.308,127.5,1228.6499999999994,5055,19,224348,224.348,199.0,508.0,1174,11,82.18509030342102,8.448726235866546,7.500574707984924,18.93531194925308,43.295915603637695,0.40664243698120117,0.043576619386672975,0.03844738006591797,0.05994133949279785,0.36984682083129883,0.03332114219665527,6724.528718769264,2729.789541773629,3994.739176995635,107.22085094111526,264.12647582199526,180.48980407944063,google/gemma-2-9b-it,vLLM,NVIDIA H100 80GB HBM3,2,1,1,128
40524.837703899626,48690.78173648,675.4139583333333,1065.304,742.4839999999999,891.59895,811.513025,1201.52,878.5995,1027.95915,57.94583333333333,93.0,58.25,74.87499999999997,155366.70833333334,155498.625,155488.625,155498.625,156325.20833333334,156457.125,156447.125,156457.125,28.972916666666666,46.5,29.125,37.437499999999986,328308,328.308,127.5,1228.6499999999994,5055,19,224348,224.348,199.0,508.0,1174,11,59.19678473472595,10.632932292222977,9.562390685081482,23.388398778438564,45.55448913574219,0.5202088356018066,0.05558668661117554,0.04959535598754883,0.1145931243896484,0.28902173042297363,0.03693819046020508,9335.912456674383,3789.8679971446695,5546.044459529714,88.10323553255552,217.03238600959224,148.3082402392875,google/gemma-2-9b-it,vLLM,NVIDIA H100 80GB HBM3,2,1,1,
85174.70203850413,85174.70203850413,245.46018155619598,302.707,245.2985,267.69939999999997,245.46018155619598,302.707,245.2985,267.69939999999997,93.20461095100865,100.0,94.0,99.35000000000002,44112.90309798271,44113.125,44113.125,44113.125,44112.90309798271,44113.125,44113.125,44113.125,93.20461095100865,100.0,94.0,99.35000000000002,332726,332.726,127.5,1244.0,6717,18,223192,223.192,199.5,493.14999999999986,1173,10,345.42153096199036,10.492916848659515,9.370099306106567,23.517194008827207,58.15160322189331,0.4271271228790283,0.09080113363265992,0.05548977851867676,0.28242039680480957,1.1519782543182373,0.040117740631103516,1609.390122415885,646.1438561123155,963.2462663035694,153.21450652525036,381.6207661497909,255.99052084449104,Qwen/Qwen3-8B,vLLM,NVIDIA A40,1,1,1,32
58995.57803742647,58995.57803742647,247.3608888888889,305.696,246.762,276.4564,247.3608888888889,305.696,246.762,276.4564,90.98113207547169,100.0,90.0,100.0,44068.27384696017,44071.125,44071.125,44071.125,44068.27384696017,44071.125,44071.125,44071.125,90.98113207547169,100.0,90.0,100.0,332726,332.726,127.5,1244.0,6717,18,223192,223.192,199.5,493.14999999999986,1173,10,237.19038438796997,13.883688872337341,12.436323165893555,30.758016502857203,75.59937644004822,0.7229056358337402,0.11540612196922302,0.0762859582901001,0.2938370704650879,1.2051384449005127,0.04824376106262207,2343.762802334729,940.9824963010602,1402.7803060336685,106.12280594876667,264.32657997341516,177.30979255431336,Qwen/Qwen3-8B,vLLM,NVIDIA A40,1,1,1,64
288766.02411249734,288766.02411249734,660.0366262857142,784.0840000000001,656.572,698.6881,660.0366262857142,784.0840000000001,656.572,698.6881,57.766285714285715,79.25,57.75,66.5,309305.1494285714,309453.25,309229.25,309453.25,309305.1494285714,309453.25,309229.25,309453.25,57.766285714285715,79.25,57.75,66.5,328308,328.308,127.5,1228.6499999999994,5055,19,224348,224.348,199.0,508.0,1174,11,436.6031358242035,6.792162895441055,6.007305026054382,15.289210808277128,35.68092393875122,0.3412022590637207,0.03578971529006958,0.03218567371368408,0.04532457590103149,0.13316059112548828,0.030508756637573242,1265.8085905789846,513.8488059103928,751.9597846685919,522.5059062282818,1287.1343810174253,879.5582931652514,google/gemma-2-9b-it,vLLM,NVIDIA H100 80GB HBM3,4,1,1,16
49158.916316757204,49158.916316757204,264.2952204301075,307.796,269.764,294.09715,264.2952204301075,307.796,269.764,294.09715,88.40322580645162,100.0,89.5,100.0,45951.19489247312,46027.125,46027.125,46027.125,45951.19489247312,46027.125,46027.125,46027.125,88.40322580645162,100.0,89.5,100.0,332726,332.726,127.5,1244.0,6717,18,223192,223.192,199.5,493.14999999999986,1173,10,184.76969575881958,20.5590175948143,18.34054434299469,45.2502661705017,103.17612433433533,0.9725663661956787,0.1596665539741516,0.1069861650466919,0.3147151231765747,1.24601149559021,0.060782432556152344,3008.707665599241,1207.9470017168462,1800.7606638823945,88.42835870894125,220.25393525196782,147.7459420566989,Qwen/Qwen3-8B,vLLM,NVIDIA A40,1,1,1,128
162102.9737011697,162102.9737011697,706.3310305010892,875.145,705.392,764.7305,706.3310305010892,875.145,705.392,764.7305,50.69117647058823,89.5,50.0,62.27499999999999,308652.42647058825,308653.25,308653.25,308653.25,308652.42647058825,308653.25,308653.25,308653.25,50.69117647058823,89.5,50.0,62.27499999999999,328308,328.308,127.5,1228.6499999999994,5055,19,224348,224.348,199.0,508.0,1174,11,228.4558608531952,6.871537894487381,6.068894267082214,15.412824189662933,36.29551386833191,0.33136749267578125,0.036721333265304565,0.034953951835632324,0.04646861553192138,0.32833242416381836,0.030488252639770508,2419.093114687631,982.0190174248369,1437.074097262794,293.3162287230569,722.551454442071,493.75273737213143,google/gemma-2-9b-it,vLLM,NVIDIA H100 80GB HBM3,4,1,1,32
44821.1205720911,44821.1205720911,270.8224592145015,309.787,275.005,304.554,270.8224592145015,309.787,275.005,304.554,88.29003021148036,100.0,89.0,100.0,44382.5086858006,46055.125,44393.125,44397.125,44382.5086858006,46055.125,44393.125,44397.125,88.29003021148036,100.0,89.0,100.0,332726,332.726,127.5,1244.0,6717,18,223192,223.192,199.5,493.14999999999986,1173,10,163.9771249294281,33.95192550587654,30.14552330970764,75.94450447559356,134.8546495437622,1.7607061862945557,0.24454443192481995,0.20599961280822754,0.5800459384918213,1.7019786834716797,0.10628247261047363,3390.2167771221384,1361.1166807324898,2029.1000963896486,80.62541700770815,200.81866989897085,134.7088011519722,Qwen/Qwen3-8B,vLLM,NVIDIA A40,1,1,1,
104961.34863230633,104961.34863230633,780.3817732342008,1079.882,793.75,877.3456000000001,780.3817732342008,1079.882,793.75,877.3456000000001,60.74814126394052,90.75,61.0,68.55,308198.469330855,308207.25,308207.25,308207.25,308198.469330855,308207.25,308207.25,308207.25,60.74814126394052,90.75,61.0,68.55,328308,328.308,127.5,1228.6499999999994,5055,19,224348,224.348,199.0,508.0,1174,11,133.62144565582275,7.5362787930965425,6.664768695831299,16.899002313613888,39.2895770072937,0.36290669441223145,0.03969676947593689,0.037877559661865234,0.05149077177047727,0.15572714805603027,0.03215765953063965,4135.982792938127,1678.981984507692,2457.0008084304354,189.92166670099724,467.8506099109701,319.70390192229956,google/gemma-2-9b-it,vLLM,NVIDIA H100 80GB HBM3,4,1,1,64
73859.67330870604,73859.67330870604,868.9370588235294,1328.54,902.89,1023.2709,868.9370588235294,1328.54,902.89,1023.2709,59.11764705882353,91.75,59.5,71.89999999999995,306990.0852941176,309609.25,306997.25,306997.25,306990.0852941176,309609.25,306997.25,306997.25,59.11764705882353,91.75,59.5,71.89999999999995,328308,328.308,127.5,1228.6499999999994,5055,19,224348,224.348,199.0,508.0,1174,11,83.98419880867004,8.643947314500808,7.665352940559387,19.33190029859543,44.335121393203735,0.41879844665527344,0.04374918270111084,0.040450453758239746,0.05829520225524902,0.166215181350708,0.03426647186279297,6580.475944755301,2671.312022766354,3909.1639219889466,133.6449315825867,329.21921884173713,224.97067786562022,google/gemma-2-9b-it,vLLM,NVIDIA H100 80GB HBM3,4,1,1,128
59541.93862923718,59541.93862923718,960.3538467741937,1498.07,1012.385,1222.3369500000001,960.3538467741937,1498.07,1012.385,1222.3369500000001,58.55241935483871,91.5,58.5,72.1,305596.12096774194,305731.25,305713.25,305731.25,305596.12096774194,305731.25,305713.25,305731.25,58.55241935483871,91.5,58.5,72.1,328308,328.308,127.5,1228.6499999999994,5055,19,224348,224.348,199.0,508.0,1174,11,60.971851110458374,10.859082107782363,9.793520331382751,24.044266736507414,47.078837871551514,0.5337369441986084,0.05476755118370056,0.04905366897583008,0.10597087144851684,0.32717227935791016,0.038694143295288086,9064.11712839081,3679.5340130573477,5384.583115333463,107.7377946303617,265.3999083086864,181.35999923619642,google/gemma-2-9b-it,vLLM,NVIDIA H100 80GB HBM3,4,1,1,
177883.02938219262,177883.02938219262,239.89617060013487,296.844,238.173,255.9265,239.89617060013487,296.844,238.173,255.9265,95.80107889413351,100.0,96.0,98.0,44121.125,44121.125,44121.125,44121.125,44121.125,44121.125,44121.125,44121.125,95.80107889413351,100.0,96.0,98.0,328308,328.308,127.5,1228.6499999999994,5055,19,224348,224.348,199.0,508.0,1174,11,740.4024758338928,11.561853342533112,10.027673602104187,26.192036938667286,65.33882713317871,0.5715868473052979,0.09605874180793762,0.058188796043395996,0.2858361721038818,0.9806292057037354,0.04408669471740723,746.4264613345064,303.0081709914917,443.4182903430147,321.8693534173023,792.8888574098838,541.8175292170541,google/gemma-2-9b-it,vLLM,NVIDIA A40,1,1,1,16
95961.00159563613,142359.190181144,422.73568942731276,531.733,420.385,459.21255,627.1329933920704,736.0559999999999,624.678,663.768,87.6784140969163,97.0,88.0,91.0,78150.87637665198,78151.3125,78151.3125,78151.3125,79600.62637665198,79601.0625,79601.0625,79601.0625,21.919603524229075,24.25,22.0,22.75,332726,332.726,127.5,1244.0,6717,18,223192,223.192,199.5,493.14999999999986,1173,10,225.82918739318848,3.5099831960201264,3.154010534286499,7.723867475986478,18.877195596694946,0.1538708209991455,0.02850644874572754,0.020096421241760254,0.0703822493553161,0.3428986072540283,0.01490020751953125,2461.6747127203616,988.3222030613921,1473.3525096589697,256.0794760758673,637.8328532435929,427.85712622741835,Qwen/Qwen3-14B,vLLM,NVIDIA H100 80GB HBM3,1,1,1,16
60887.577,88146.70277656769,456.08671910112355,558.688,456.494,507.1596,660.2749250936331,763.067,661.037,711.2073,84.34456928838951,97.0,85.0,92.0,78150.82560861424,78151.3125,78151.3125,78151.3125,79600.57560861424,79601.0625,79601.0625,79601.0625,21.086142322097377,24.25,21.25,23.0,332726,332.726,127.5,1244.0,6717,18,223192,223.192,199.5,493.14999999999986,1173,10,132.32283568382263,3.9976180901527405,3.600690484046936,8.83261297941208,21.93353509902954,0.1740281581878662,0.0315482759475708,0.022049546241760254,0.08954405784606934,0.3601822853088379,0.015793323516845703,4201.224959600566,1686.7232238984336,2514.501735702132,158.5606200493017,394.93665891504935,264.92279766705246,Qwen/Qwen3-14B,vLLM,NVIDIA H100 80GB HBM3,1,1,1,32
43959.9485,62340.9905,488.4438722222222,653.436,496.0815,559.0143499999999,692.6776722222222,858.0240000000001,700.211,763.2205,80.71666666666667,97.0,81.0,90.04999999999998,78064.85694444444,78067.3125,78067.3125,78067.3125,79514.60694444444,79517.0625,79517.0625,79517.0625,20.179166666666667,24.25,20.25,22.512499999999996,332726,332.726,127.5,1244.0,6717,18,223192,223.192,199.5,493.14999999999986,1173,10,88.73277235031128,5.135596978902817,4.588671565055847,11.384495854377747,27.246824502944946,0.2641935348510742,0.03993929767608643,0.027176856994628906,0.09522891044616699,0.37602925300598145,0.01823282241821289,6265.0809309245005,2515.327697852743,3749.7532330717577,112.14062235797365,279.3155243019463,187.36434934450568,Qwen/Qwen3-14B,vLLM,NVIDIA H100 80GB HBM3,1,1,1,64
120979.70489135504,120979.70489135504,248.41826078028748,301.883,247.4695,267.24809999999997,248.41826078028748,301.883,247.4695,267.24809999999997,94.76180698151951,100.0,94.0,97.0,43985.125,43985.125,43985.125,43985.125,43985.125,43985.125,43985.125,43985.125,94.76180698151951,100.0,94.0,97.0,328308,328.308,127.5,1228.6499999999994,5055,19,224348,224.348,199.0,508.0,1174,11,485.6807723045349,14.863854764699935,12.972166180610657,33.83471151590347,84.83476686477661,0.6695449352264404,0.11714684414863587,0.07400929927825928,0.3359036445617676,1.019212007522583,0.052670955657958984,1137.8996894970135,461.92481315551805,675.9748763414955,218.90598291044526,539.2502045543309,368.4945383339883,google/gemma-2-9b-it,vLLM,NVIDIA A40,1,1,1,32
35520.72499999999,49220.94999999999,530.1600746268656,693.826,549.052,608.38785,734.6410447761193,899.039,753.647,813.01495,77.33582089552239,97.0,76.0,92.35,79154.14832089552,79215.3125,79213.3125,79215.3125,80603.89832089552,80665.0625,80663.0625,80665.0625,19.333955223880597,24.25,19.0,23.0875,332726,332.726,127.5,1244.0,6717,18,223192,223.192,199.5,493.14999999999986,1173,10,65.93263339996338,7.200056352853775,6.410999894142151,15.831922399997707,36.09172558784485,0.3361012935638428,0.05229384803771973,0.03682374954223633,0.09846482276916504,0.3939342498779297,0.02250385284423828,8431.606191545032,3385.152215080855,5046.453976464177,88.53994653887803,220.53187390229036,147.93238280146426,Qwen/Qwen3-14B,vLLM,NVIDIA H100 80GB HBM3,1,1,1,128
31187.289999999997,42936.0520814042,542.387652173913,690.191,571.351,679.1089000000001,746.7139478260867,894.747,775.6310000000001,883.9780000000001,74.0695652173913,100.0,75.0,93.0,79035.86902173913,81497.3125,79109.3125,79115.3125,80485.61902173913,82947.0625,80559.0625,80565.0625,18.517391304347825,25.0,18.75,23.25,332726,332.726,127.5,1244.0,6717,18,223192,223.192,199.5,493.14999999999986,1173,10,56.5691282749176,11.376540626764298,10.24713945388794,25.213207304477677,45.48273015022278,0.6056821346282959,0.07700996041297913,0.0645303726196289,0.19082698822021485,0.54939866065979,0.031184911727905273,9827.232926382048,3945.4735613976563,5881.759364984392,77.23450595484262,192.37271981703736,129.04327308777854,Qwen/Qwen3-14B,vLLM,NVIDIA H100 80GB HBM3,1,1,1,
90318.04170406294,90318.04170406294,252.28500837988827,303.526,251.6925,276.66675,252.28500837988827,303.526,251.6925,276.66675,93.60335195530726,100.0,94.0,100.0,44192.516061452516,44197.125,44197.125,44197.125,44192.516061452516,44197.125,44197.125,44197.125,93.60335195530726,100.0,94.0,100.0,328308,328.308,127.5,1228.6499999999994,5055,19,224348,224.348,199.0,508.0,1174,11,356.72166109085083,21.17292077302933,18.42520272731781,47.817499220371246,117.11661911010742,0.9641706943511963,0.15746196961402892,0.10218954086303711,0.35485124588012695,1.2181484699249268,0.07196712493896484,1549.2639227738068,628.916111553042,920.3478112207647,163.42542504571188,402.58010637074074,275.1015561730538,google/gemma-2-9b-it,vLLM,NVIDIA A40,1,1,1,64
130643.64649999999,164085.8175814397,531.0717337398374,717.606,525.4225,588.1714000000001,667.0155182926829,853.567,661.306,724.3201000000001,67.54674796747967,94.5,67.5,72.5,156138.1575203252,156138.625,156138.625,156138.625,157096.6575203252,157097.125,157097.125,157097.125,33.77337398373984,47.25,33.75,36.25,332726,332.726,127.5,1244.0,6717,18,223192,223.192,199.5,493.14999999999986,1173,10,245.19875502586365,3.803856609106064,3.4098691940307617,8.39799416065216,20.205714225769043,0.17197155952453613,0.02584705686569214,0.02115499973297119,0.05313915014266968,0.24832963943481445,0.017071962356567383,2267.21379536108,910.2493198893185,1356.9644754717615,295.16190801780067,735.1778629226841,493.15598294524534,Qwen/Qwen3-14B,vLLM,NVIDIA H100 80GB HBM3,2,1,1,16
78397.74251306723,78397.74251306723,268.4853886986301,306.619,270.81100000000004,294.23310000000004,268.4853886986301,306.619,270.81100000000004,294.23310000000004,92.88356164383562,100.0,91.0,100.0,45192.17636986302,45985.125,45227.125,45227.125,45192.17636986302,45985.125,45227.125,45227.125,92.88356164383562,100.0,91.0,100.0,328308,328.308,127.5,1228.6499999999994,5055,19,224348,224.348,199.0,508.0,1174,11,290.7751569747925,32.882138904094695,29.1948025226593,73.7558426976204,168.7748920917511,1.6263225078582764,0.24045057940483094,0.18396902084350586,0.5147738814353935,1.3188111782073975,0.10480117797851562,1900.6300460802784,771.5514706761861,1129.0785754040924,141.85631299229038,349.4470310101594,238.79327495238383,google/gemma-2-9b-it,vLLM,NVIDIA A40,1,1,1,128
80075.157,98640.81804891682,586.6311868131868,780.37,584.158,668.7982,722.6433553113553,916.415,720.246,804.7964,66.54578754578755,93.5,66.5,74.19999999999999,156298.06822344323,156298.625,156298.625,156298.625,157256.56822344323,157257.125,157257.125,157257.125,33.272893772893774,46.75,33.25,37.099999999999994,332726,332.726,127.5,1244.0,6717,18,223192,223.192,199.5,493.14999999999986,1173,10,135.3654100894928,4.071657814979553,3.6528944969177246,8.97438530921936,21.93239665031433,0.18285727500915527,0.027765255212783814,0.02285921573638916,0.06677254438400268,0.26041698455810547,0.017234325408935547,4106.795078834921,1648.811168617177,2457.9839102177443,177.43771212466015,441.9549896453135,296.46260902038557,Qwen/Qwen3-14B,vLLM,NVIDIA H100 80GB HBM3,2,1,1,32
55676.08299999999,67239.84449999999,655.0127411764706,946.854,662.9045,770.1991499999999,791.0569941176472,1082.969,798.9165,906.1501499999998,66.83823529411765,95.5,66.5,80.27499999999999,156017.98970588236,156018.625,156018.625,156018.625,156976.48970588236,156977.125,156977.125,156977.125,33.419117647058826,47.75,33.25,40.137499999999996,332726,332.726,127.5,1244.0,6717,18,223192,223.192,199.5,493.14999999999986,1173,10,83.92559456825256,4.779855916261673,4.312952995300293,10.593844211101532,25.467684984207153,0.23725152015686035,0.0330298855304718,0.02498924732208252,0.06917977333068848,0.2688884735107422,0.018628358840942383,6623.93877409947,2659.403262475417,3964.5355116240526,120.95281048643862,301.26458161582843,202.08773735746524,Qwen/Qwen3-14B,vLLM,NVIDIA H100 80GB HBM3,2,1,1,64
43567.5125,51596.38953257847,738.4324152542372,1205.199,776.201,901.0789,874.5150762711867,1342.3210000000001,912.23,1037.0467,65.38135593220339,97.0,66.5,79.44999999999997,156669.8283898305,156718.625,156714.625,156718.625,157628.3283898305,157677.125,157673.125,157677.125,32.690677966101696,48.5,33.25,39.72499999999999,332726,332.726,127.5,1244.0,6717,18,223192,223.192,199.5,493.14999999999986,1173,10,58.101057052612305,6.149843078374863,5.538466095924377,13.455185532569883,30.97594928741455,0.2922329902648926,0.04162798285484314,0.0304948091506958,0.07254648208618164,0.29102611541748047,0.020283937454223633,9568.12196199114,3841.4447399449678,5726.677222046173,92.81294999006772,231.1749056085275,155.07170925199253,Qwen/Qwen3-14B,vLLM,NVIDIA H100 80GB HBM3,2,1,1,128
80196.22537761641,80196.22537761641,270.476281618887,307.395,273.221,299.6572,270.476281618887,307.395,273.221,299.6572,93.37774030354132,100.0,92.0,100.0,43861.641020236086,46047.125,43861.125,43863.125,43861.641020236086,46047.125,43861.125,43863.125,93.37774030354132,100.0,92.0,100.0,328308,328.308,127.5,1228.6499999999994,5055,19,224348,224.348,199.0,508.0,1174,11,295.2096381187439,35.042453805208204,30.87977945804596,77.02672013044355,173.67456150054932,1.9561653137207031,0.33636955833435056,0.3368978500366211,0.6808897852897635,1.6959128379821777,0.1279125213623047,1872.079799026419,759.9616375321702,1112.1181614942489,145.11056674968953,357.46351818432265,244.27131040856884,google/gemma-2-9b-it,vLLM,NVIDIA A40,1,1,1,
38505.58,45234.32006507111,777.8905050505051,1189.134,824.183,1079.1136,913.8246464646467,1325.806,960.2299999999999,1215.2689,63.333333333333336,96.0,65.5,83.39999999999998,156711.5542929293,157996.625,156842.625,156848.625,157670.0542929293,158955.125,157801.125,157807.125,31.666666666666668,48.0,32.75,41.69999999999999,332726,332.726,127.5,1244.0,6717,18,223192,223.192,199.5,493.14999999999986,1173,10,48.72827482223511,9.459713666915894,8.49099063873291,21.244895684719083,37.997180461883545,0.49124622344970703,0.05968423438072205,0.052051663398742676,0.13788558244705196,0.39876437187194824,0.026825904846191406,11408.53030459289,4580.338639408504,6828.191665184388,81.3686911830002,202.6699884631667,135.95066230192742,Qwen/Qwen3-14B,vLLM,NVIDIA H100 80GB HBM3,2,1,1,
207899.54808011674,207899.54808011674,799.6136442307693,1028.963,793.0989999999999,861.6373000000001,799.6136442307693,1028.963,793.0989999999999,861.6373000000001,69.89038461538462,94.0,69.75,75.0,308978.72307692305,309109.25,309109.25,309109.25,308978.72307692305,309109.25,309109.25,309109.25,69.89038461538462,94.0,69.75,75.0,332726,332.726,127.5,1244.0,6717,18,223192,223.192,199.5,493.14999999999986,1173,10,259.09858441352844,4.023388217926025,3.6027551889419556,8.863425719738006,21.211409330368042,0.18065738677978516,0.027300316333770752,0.02316868305206299,0.05363175868988037,0.21710753440856934,0.017963647842407227,2145.584860134703,861.417288346815,1284.1675717878882,373.9752051203896,931.482974659113,624.8370974318711,Qwen/Qwen3-14B,vLLM,NVIDIA H100 80GB HBM3,4,1,1,16
124540.97199131941,124540.97199131941,850.1090170648464,1049.905,845.7689999999999,948.5043999999999,850.1090170648464,1049.905,845.7689999999999,948.5043999999999,64.33447098976109,90.75,63.5,73.25,308692.18515358365,308693.25,308693.25,308693.25,308692.18515358365,308693.25,308693.25,308693.25,64.33447098976109,90.75,63.5,73.25,332726,332.726,127.5,1244.0,6717,18,223192,223.192,199.5,493.14999999999986,1173,10,145.6445288658142,4.3787774620056155,3.9133622646331787,9.6349454164505,23.316789627075195,0.19895195960998535,0.029326754570007323,0.024311304092407227,0.057700157165527344,0.37079286575317383,0.018627405166625977,3816.9507933399996,1532.443420553285,2284.5073727867143,224.02759398206106,557.9992651677453,374.3048995008488,Qwen/Qwen3-14B,vLLM,NVIDIA H100 80GB HBM3,4,1,1,32
84313.45254969787,84313.45254969787,921.4584972677594,1269.3039999999999,929.7610000000001,1065.9008,921.4584972677594,1269.3039999999999,929.7610000000001,1065.9008,65.92213114754098,93.25,66.0,74.975,308119.96038251364,308125.25,308125.25,308125.25,308119.96038251364,308125.25,308125.25,308125.25,65.92213114754098,93.25,66.0,74.975,332726,332.726,127.5,1244.0,6717,18,223192,223.192,199.5,493.14999999999986,1173,10,90.41329956054688,5.14938255906105,4.588083505630493,11.443293225765228,27.051462411880493,0.2442162036895752,0.033919691562652586,0.02687537670135498,0.05969699621200562,0.23988699913024902,0.019975662231445312,6148.6308176123985,2468.5748787492876,3680.0559388631104,151.66526816850305,377.7619831790471,253.4020561954818,Qwen/Qwen3-14B,vLLM,NVIDIA H100 80GB HBM3,4,1,1,64
228053.7186010265,228053.7186010265,249.921858630137,302.334,247.201,268.39439999999996,249.921858630137,302.334,247.201,268.39439999999996,96.66684931506849,100.0,96.0,98.0,44175.11623287671,44175.125,44175.125,44175.125,44175.11623287671,44175.125,44175.125,44175.125,96.66684931506849,100.0,96.0,98.0,332726,332.726,127.5,1244.0,6717,18,223192,223.192,199.5,493.14999999999986,1173,10,911.0991895198822,14.152132229804993,12.668819189071655,31.19886564016342,76.6892740726471,0.5958302021026611,0.13519623184204102,0.07616269588470459,0.3796649694442748,1.8766143321990967,0.06041836738586426,610.1618862079655,244.970034621164,365.19185158680153,410.2290600430756,1021.7826741147824,685.4099727734728,Qwen/Qwen3-14B,vLLM,NVIDIA A40,1,1,1,16
63419.83455857111,63419.83455857111,1022.9005564516129,1705.552,1060.516,1226.32955,1022.9005564516129,1705.552,1060.516,1226.32955,65.31451612903226,93.5,66.375,76.35,309867.2016129032,309971.25,309965.25,309971.25,309867.2016129032,309971.25,309965.25,309971.25,65.31451612903226,93.5,66.375,76.35,332726,332.726,127.5,1244.0,6717,18,223192,223.192,199.5,493.14999999999986,1173,10,60.73154282569885,6.402859562397003,5.725896596908569,14.006766831874847,32.28128433227539,0.31612563133239746,0.04096752262115479,0.03388631343841553,0.0627737045288086,0.26297569274902344,0.02136540412902832,9153.69467223152,3675.058949853571,5478.63572237795,114.0812755812388,284.1492282813502,190.60678924571903,Qwen/Qwen3-14B,vLLM,NVIDIA H100 80GB HBM3,4,1,1,128
54669.0165,54669.0165,1061.5343009708738,1716.71,1118.031,1349.5324999999998,1061.5343009708738,1716.71,1118.031,1349.5324999999998,62.11407766990291,93.25,64.25,78.475,305552.8616504854,306789.25,305581.25,305589.25,305552.8616504854,306789.25,305581.25,305589.25,62.11407766990291,93.25,64.25,78.475,332726,332.726,127.5,1244.0,6717,18,223192,223.192,199.5,493.14999999999986,1173,10,50.26614832878113,9.60557811832428,8.588134527206421,21.36133140325546,38.827176332473755,0.4950258731842041,0.05656749558448791,0.054213762283325195,0.12125142812728881,0.5253572463989258,0.027354717254638672,11059.490700656994,4440.204937528621,6619.285763128373,98.34007263661188,244.9416488942256,164.3064157895686,Qwen/Qwen3-14B,vLLM,NVIDIA H100 80GB HBM3,4,1,1,
57312.637,90601.92853234506,351.6112699386503,430.499,349.501,384.12575,555.8400521472394,634.558,553.8365,588.17975,73.84662576687117,89.0,74.0,78.0,78109.3125,78109.3125,78109.3125,78109.3125,79559.0625,79559.0625,79559.0625,79559.0625,18.461656441717793,22.25,18.5,19.5,317348,317.348,110.0,1162.1499999999999,4860,13,222718,222.718,198.0,497.04999999999995,1191,11,161.97840094566345,2.5124906706809997,2.2332664728164673,5.53909475803375,13.817181587219238,0.12319564819335938,0.017204257965087892,0.013300776481628418,0.036214661598205564,0.27119922637939453,0.011428356170654297,3334.1852793149137,1374.9857925484273,1959.1994867664864,167.7608450306908,406.8011051300077,285.49708374511596,mistralai/Ministral-8B-Instruct-2410,vLLM,NVIDIA H100 80GB HBM3,1,1,1,16
142855.55977854563,142855.55977854563,257.39737657657656,304.267,256.55449999999996,278.32989999999995,257.39737657657656,304.267,256.55449999999996,278.32989999999995,95.60630630630631,100.0,96.0,100.0,44175.125,44175.125,44175.125,44175.125,44175.125,44175.125,44175.125,44175.125,95.60630630630631,100.0,96.0,100.0,332726,332.726,127.5,1244.0,6717,18,223192,223.192,199.5,493.14999999999986,1173,10,553.8265011310577,16.75467912364006,15.024611234664917,37.51099990606308,92.2940948009491,0.6772780418395996,0.1515187921524048,0.08950150012969971,0.49394822120666504,1.9534459114074707,0.06299686431884766,1003.7764514061189,402.9998556302089,600.77659577591,256.97235883447854,640.0568110799027,429.3489531282366,Qwen/Qwen3-14B,vLLM,NVIDIA A40,1,1,1,32
36310.28999999999,55201.648065038666,392.5436756756756,467.048,397.706,439.1898,596.774572972973,671.5040000000001,601.921,643.1823999999999,73.10810810810811,94.0,73.0,81.0,78109.28006756757,78109.3125,78109.3125,78109.3125,79559.03006756757,79559.0625,79559.0625,79559.0625,18.277027027027028,23.5,18.25,20.25,317348,317.348,110.0,1162.1499999999999,4860,13,222718,222.718,198.0,497.04999999999995,1191,11,91.65682029724121,2.753722787857056,2.445439577102661,6.126734137535093,14.894593715667725,0.1318223476409912,0.019028261184692384,0.014800071716308594,0.046769142150878906,0.13909912109375,0.011776208877563477,5892.262007874339,2429.911917931803,3462.350089942536,102.21278152121901,247.8544530080131,173.94673375927584,mistralai/Ministral-8B-Instruct-2410,vLLM,NVIDIA H100 80GB HBM3,1,1,1,32
26398.8845,38663.3885,439.9814083333333,528.175,457.41700000000003,499.8208,644.3898083333333,732.479,661.995,703.93655,70.84166666666667,94.0,73.0,78.05,77977.74583333333,77979.3125,77979.3125,77979.3125,79427.49583333333,79429.0625,79429.0625,79429.0625,17.710416666666667,23.5,18.25,19.5125,317348,317.348,110.0,1162.1499999999999,4860,13,222718,222.718,198.0,497.04999999999995,1191,11,59.002209424972534,3.3804856688976286,3.014188289642334,7.4242337942123395,18.393642902374268,0.16799497604370117,0.023067188262939454,0.017117023468017578,0.05120348930358887,0.170332670211792,0.012826204299926758,9153.318244577778,3774.739999918294,5378.578244659483,71.59011768931946,173.59795122082633,121.83277821193138,mistralai/Ministral-8B-Instruct-2410,vLLM,NVIDIA H100 80GB HBM3,1,1,1,64
21430.700500000003,30842.631500000003,465.8847934782609,616.762,495.00350000000003,538.4202,670.4919891304347,821.9789999999999,699.4110000000001,742.8996999999999,64.96739130434783,95.0,67.0,80.25000000000001,79163.55163043478,79223.3125,79223.3125,79223.3125,80613.30163043478,80673.0625,80673.0625,80673.0625,16.241847826086957,23.75,16.75,20.062500000000004,317348,317.348,110.0,1162.1499999999999,4860,13,222718,222.718,198.0,497.04999999999995,1191,11,45.318270206451416,4.891769539833069,4.311705112457275,10.64581685066223,25.078729391098022,0.29468727111816406,0.03174802398681641,0.023385286331176758,0.05595898628234863,0.3122529983520508,0.015766382217407227,11917.180367646011,4914.530033591051,7002.650334054961,57.109004269848505,138.48288643037384,97.18867457806573,mistralai/Ministral-8B-Instruct-2410,vLLM,NVIDIA H100 80GB HBM3,1,1,1,128
97349.54748230695,97349.54748230695,266.7110602739726,305.821,267.499,292.90695,266.7110602739726,305.821,267.499,292.90695,94.1,100.0,95.0,100.0,43972.36335616438,43973.125,43973.125,43973.125,43972.36335616438,43973.125,43973.125,43973.125,94.1,100.0,95.0,100.0,332726,332.726,127.5,1244.0,6717,18,223192,223.192,199.5,493.14999999999986,1173,10,363.39889669418335,21.05786441230774,18.866235494613647,46.613752317428585,114.31725573539734,1.1014039516448975,0.19052000737190247,0.11555719375610352,0.5090246200561523,2.0422487258911133,0.07258844375610352,1529.7734942432426,614.1790798771362,915.5944143661064,175.11494048098274,436.16951988560055,292.58172635233484,Qwen/Qwen3-14B,vLLM,NVIDIA A40,1,1,1,64
19268.459,27551.606499999998,475.7644197530864,677.371,500.948,591.354,680.2865802469137,882.444,705.6959999999999,796.1780000000001,60.77777777777778,95.0,62.0,82.0,77758.25077160494,81479.3125,77703.3125,77709.3125,79208.00077160494,82929.0625,79153.0625,79159.0625,15.194444444444445,23.75,15.5,20.5,317348,317.348,110.0,1162.1499999999999,4860,13,222718,222.718,198.0,497.04999999999995,1191,11,39.36628556251526,7.876346422433853,7.144893765449524,17.337185871601104,31.974796295166016,0.4746365547180176,0.04727142357826233,0.04030752182006836,0.10646243095397946,0.31212401390075684,0.023228883743286133,13718.998180368155,5657.582289452094,8061.415890916061,51.015258320279365,123.70624062716078,86.81827678132522,mistralai/Ministral-8B-Instruct-2410,vLLM,NVIDIA H100 80GB HBM3,1,1,1,
78213.06971725606,78213.06971725606,280.33355197132624,309.322,287.798,304.64835,280.33355197132624,309.322,287.798,304.64835,92.17025089605735,100.0,91.0,100.0,45185.798835125446,45239.125,45237.125,45239.125,45185.798835125446,45239.125,45237.125,45239.125,92.17025089605735,100.0,91.0,100.0,332726,332.726,127.5,1244.0,6717,18,223192,223.192,199.5,493.14999999999986,1173,10,277.4210035800934,30.392690500497817,26.924262642860413,66.98232944011687,152.33583426475525,1.4226913452148438,0.2602666392326355,0.16015160083770752,0.5327811241149902,2.0753302574157715,0.09438967704772949,2003.8785557903966,804.5245209256944,1199.3540348647023,140.69173820105854,350.4295392185027,235.06750214066847,Qwen/Qwen3-14B,vLLM,NVIDIA A40,1,1,1,128
85424.14249999999,111317.9068904662,448.42069553805777,551.219,445.46299999999997,487.615,584.3459658792651,687.113,581.3580000000001,623.4839999999999,56.39501312335958,84.5,56.5,62.5,156365.31791338584,156366.625,156364.625,156366.625,157323.81791338584,157325.125,157323.125,157325.125,28.19750656167979,42.25,28.25,31.25,317348,317.348,110.0,1162.1499999999999,4860,13,222718,222.718,198.0,497.04999999999995,1191,11,189.601744890213,2.9395755376815798,2.6149213314056396,6.505825924873352,16.11115312576294,0.14459776878356934,0.017723307371139526,0.014416813850402832,0.03160815238952636,0.10851669311523438,0.01327371597290039,2848.423153029102,1174.6621853557447,1673.7609676733575,206.11907968742005,499.81549264301134,350.77551108078893,mistralai/Ministral-8B-Instruct-2410,vLLM,NVIDIA H100 80GB HBM3,2,1,1,16
52462.633,67074.74651615763,488.02449302325584,601.681,488.275,541.5938,623.9511302325582,737.734,624.141,677.4832,56.834883720930236,83.0,57.0,65.14999999999999,156221.40639534884,156222.625,156222.625,156222.625,157179.90639534884,157181.125,157181.125,157181.125,28.417441860465118,41.5,28.5,32.574999999999996,317348,317.348,110.0,1162.1499999999999,4860,13,222718,222.718,198.0,497.04999999999995,1191,11,106.6565260887146,3.2004517993927,2.8383604288101196,7.041421520709988,17.191622257232666,0.15667486190795898,0.019775627851486205,0.01623976230621338,0.04080319404602051,0.30895161628723145,0.013787984848022461,5063.600135924029,2088.179768903667,2975.420367020362,124.197313876744,301.16446140930515,211.36023077554492,mistralai/Ministral-8B-Instruct-2410,vLLM,NVIDIA H100 80GB HBM3,2,1,1,32
77098.65590051317,77098.65590051317,284.4968560885609,311.679,290.967,306.21295,284.4968560885609,311.679,290.967,306.21295,92.10147601476015,100.0,93.0,100.0,45083.43865313653,46039.125,45179.125,45183.125,45083.43865313653,46039.125,45179.125,45183.125,92.10147601476015,100.0,93.0,100.0,332726,332.726,127.5,1244.0,6717,18,223192,223.192,199.5,493.14999999999986,1173,10,269.8572516441345,37.06787674927711,33.08713948726654,80.60201386213302,163.94762659072876,1.9975121021270752,0.47534536600112914,0.5048677921295166,1.0207587599754333,2.8409247398376465,0.11575198173522949,2060.04469627186,827.0743092512007,1232.9703870206592,138.68710115612944,345.4364668111454,231.71815818575396,Qwen/Qwen3-14B,vLLM,NVIDIA A40,1,1,1,
36148.879,45123.8375,547.7102878787879,680.024,559.1855,635.6500499999999,683.6945075757576,816.1089999999999,695.1445,771.5617499999998,55.63636363636363,93.0,56.0,68.225,155905.67045454544,155908.625,155908.625,155908.625,156864.17045454544,156867.125,156867.125,156867.125,27.818181818181817,46.5,28.0,34.1125,317348,317.348,110.0,1162.1499999999999,4860,13,222718,222.718,198.0,497.04999999999995,1191,11,65.10777878761292,3.6928001275062563,3.2936952114105225,8.082357466220854,19.685911417007446,0.18118953704833984,0.022747040033340455,0.018462181091308594,0.04256050586700438,0.24826836585998535,0.014852523803710938,8294.95353791351,3420.7586888584383,4874.194849055073,83.55245007091726,202.60525642292046,142.1903950867817,mistralai/Ministral-8B-Instruct-2410,vLLM,NVIDIA H100 80GB HBM3,2,1,1,64
28278.289000000004,34604.753614092115,608.1352473118279,869.568,644.586,729.1655999999999,744.1882473118279,1005.711,780.773,865.2369999999999,54.483870967741936,93.0,55.5,71.5,156967.87231182796,157024.625,157024.625,157024.625,157926.37231182796,157983.125,157983.125,157983.125,27.241935483870968,46.5,27.75,35.75,317348,317.348,110.0,1162.1499999999999,4860,13,222718,222.718,198.0,497.04999999999995,1191,11,45.61571788787842,4.798438433885575,4.285273909568787,10.48802282810211,24.66766929626465,0.2837955951690674,0.02825115704536438,0.022451043128967285,0.04636591672897338,0.14920949935913086,0.01693272590637207,11839.471677886562,4882.4837207962355,6956.987957090328,64.07504566866292,155.37475019572784,109.04355349361619,mistralai/Ministral-8B-Instruct-2410,vLLM,NVIDIA H100 80GB HBM3,2,1,1,128
24582.873999999996,29749.710999999996,646.9177368421053,1032.0700000000002,685.5235,830.26,782.8871315789473,1168.337,821.3539999999999,966.1835,54.078947368421055,93.5,55.0,75.0,155391.46710526315,158020.625,155372.625,155380.625,156349.96710526315,158979.125,156331.125,156339.125,27.039473684210527,46.75,27.5,37.5,317348,317.348,110.0,1162.1499999999999,4860,13,222718,222.718,198.0,497.04999999999995,1191,11,37.0327045917511,7.133890475034714,6.425199031829834,15.679051637649536,29.12144684791565,0.38422298431396484,0.04062652325630188,0.03497123718261719,0.08859915733337402,0.30522799491882324,0.021151065826416016,14583.487918414086,6014.089504270493,8569.398414143592,55.08532475660382,133.57569213085605,93.74475654486557,mistralai/Ministral-8B-Instruct-2410,vLLM,NVIDIA H100 80GB HBM3,2,1,1,
140191.06705878352,140191.06705878352,245.08925087412587,288.502,244.2945,260.9223,245.08925087412587,288.502,244.2945,260.9223,94.75699300699301,100.0,94.0,97.0,44119.125,44119.125,44119.125,44119.125,44119.125,44119.125,44119.125,44119.125,94.75699300699301,100.0,94.0,97.0,317348,317.348,110.0,1162.1499999999999,4860,13,222718,222.718,198.0,497.04999999999995,1191,11,571.0368676185608,8.892396011352538,7.78966760635376,19.86810524463653,50.83429932594299,0.4409472942352295,0.07783171439170837,0.045499444007873535,0.21439425945281979,0.764840841293335,0.036331892013549805,945.7638037492728,390.02385420195037,555.7399495473225,259.58136053516336,629.4554865739793,441.7581552705028,mistralai/Ministral-8B-Instruct-2410,vLLM,NVIDIA A40,1,1,1,16
148538.1080407443,148538.1080407443,726.3477163814181,849.847,723.5030000000002,769.4189999999999,726.3477163814181,849.847,723.5030000000002,769.4189999999999,66.04951100244499,81.5,66.0,71.5,308474.3453545232,308477.25,308477.25,308477.25,308474.3453545232,308477.25,308477.25,308477.25,66.04951100244499,81.5,66.0,71.5,317348,317.348,110.0,1162.1499999999999,4860,13,222718,222.718,198.0,497.04999999999995,1191,11,203.5128891468048,3.1548485617637634,2.816080093383789,6.962336122989652,16.986201524734497,0.15435409545898438,0.020086281299591065,0.017206192016601562,0.038279056549072266,0.10587215423583984,0.014207839965820312,2653.718898415428,1094.3680320873511,1559.350866328077,275.0369548180117,666.9335574167526,468.06064018284127,mistralai/Ministral-8B-Instruct-2410,vLLM,NVIDIA H100 80GB HBM3,4,1,1,16
86652.85461177467,86652.85461177467,766.8394026548673,878.807,769.2270000000001,826.4672499999999,766.8394026548673,878.807,769.2270000000001,826.4672499999999,59.63274336283186,87.5,59.5,68.0625,308187.1438053097,308189.25,308189.25,308189.25,308187.1438053097,308189.25,308189.25,308189.25,59.63274336283186,87.5,59.5,68.0625,317348,317.348,110.0,1162.1499999999999,4860,13,222718,222.718,198.0,497.04999999999995,1191,11,112.13513946533203,3.356366628885269,2.9922385215759277,7.383712112903595,18.19153594970703,0.1641695499420166,0.021585381031036376,0.018195390701293945,0.04071685075759888,0.11108064651489258,0.01453852653503418,4816.206610836455,1986.1570696031108,2830.0495412333444,160.4486388918663,389.069830960114,273.05309821323806,mistralai/Ministral-8B-Instruct-2410,vLLM,NVIDIA H100 80GB HBM3,4,1,1,32
101692.8201711824,101692.8201711824,258.76033460559796,293.846,259.8815,274.5805,258.76033460559796,293.846,259.8815,274.5805,93.99491094147582,100.0,94.0,97.0,44119.125,44119.125,44119.125,44119.125,44119.125,44119.125,44119.125,44119.125,93.99491094147582,100.0,94.0,97.0,317348,317.348,110.0,1162.1499999999999,4860,13,222718,222.718,198.0,497.04999999999995,1191,11,391.88436102867126,11.973325908899307,10.544882535934448,27.131834518909454,72.11655950546265,0.549778938293457,0.09622582578659057,0.06095397472381592,0.27477574348449707,0.7987353801727295,0.04173541069030762,1378.1259312884072,568.325817890205,809.8001133982021,188.29702327341917,456.5990183603588,320.44575724813893,mistralai/Ministral-8B-Instruct-2410,vLLM,NVIDIA A40,1,1,1,32
58886.17350182248,58886.17350182248,823.5827692307691,976.044,836.196,914.8312,823.5827692307691,976.044,836.196,914.8312,61.34615384615385,91.5,61.75,70.0,307728.2010489511,307735.25,307735.25,307735.25,307728.2010489511,307735.25,307735.25,307735.25,61.34615384615385,91.5,61.75,70.0,317348,317.348,110.0,1162.1499999999999,4860,13,222718,222.718,198.0,497.04999999999995,1191,11,70.37398648262024,4.000707645416259,3.577391505241394,8.802500343322754,21.715482473373413,0.19853878021240234,0.024768850803375243,0.020919322967529297,0.04209213256835937,0.1347346305847168,0.015787363052368164,7674.22775080926,3164.7773720336713,4509.450378775588,109.03514293035015,264.3979090231705,185.55709663152905,mistralai/Ministral-8B-Instruct-2410,vLLM,NVIDIA H100 80GB HBM3,4,1,1,64
43259.356999999996,43259.356999999996,891.9455051546392,1194.718,932.13,1009.0989999999999,891.9455051546392,1194.718,932.13,1009.0989999999999,57.904639175257735,91.25,58.25,69.79999999999998,309133.2087628866,309321.25,309159.25,309321.25,309133.2087628866,309321.25,309159.25,309321.25,57.904639175257735,91.25,58.25,69.79999999999998,317348,317.348,110.0,1162.1499999999999,4860,13,222718,222.718,198.0,497.04999999999995,1191,11,47.811307191848755,5.056025278568268,4.494642734527588,10.984999358654022,26.1787269115448,0.3018043041229248,0.03027783489227295,0.025811195373535156,0.04605925083160399,0.13695073127746582,0.017539024353027344,11295.779842055326,4658.270461134154,6637.509380921172,80.10013035443816,194.23377095699493,136.31520286877497,mistralai/Ministral-8B-Instruct-2410,vLLM,NVIDIA H100 80GB HBM3,4,1,1,128
37080.601500000004,37080.601500000004,927.0150375000001,1405.991,981.5764999999999,1123.5603999999998,927.0150375000001,1405.991,981.5764999999999,1123.5603999999998,56.003125,92.25,57.375,72.43749999999999,306598.15,306821.25,306649.25,306821.25,306598.15,306821.25,306649.25,306821.25,56.003125,92.25,57.375,72.43749999999999,317348,317.348,110.0,1162.1499999999999,4860,13,222718,222.718,198.0,497.04999999999995,1191,11,39.02245092391968,7.492514675855636,6.771467328071594,16.374776196479797,30.67500329017639,0.40235233306884766,0.04143171668052673,0.03936958312988281,0.08516201972961422,0.42539048194885254,0.021689891815185547,13839.879023819965,5707.432381277724,8132.446642542242,68.6593888524736,166.49126473836873,116.84523456899053,mistralai/Ministral-8B-Instruct-2410,vLLM,NVIDIA H100 80GB HBM3,4,1,1,
80252.2770974214,80252.2770974214,257.63168378812196,302.859,257.617,279.1199,257.63168378812196,302.859,257.617,279.1199,93.4430176565008,100.0,95.0,100.0,43988.399478330655,43989.125,43989.125,43989.125,43988.399478330655,43989.125,43989.125,43989.125,93.4430176565008,100.0,95.0,100.0,317348,317.348,110.0,1162.1499999999999,4860,13,222718,222.718,198.0,497.04999999999995,1191,11,310.5055801868439,18.53080141425133,16.504570245742798,41.009124863147726,105.53371500968933,0.9511978626251221,0.1346493933200836,0.09604430198669434,0.299812364578247,1.01645827293396,0.06270003318786621,1739.3117369260167,717.2753541690989,1022.0363827569178,148.59716608233327,360.3313477016739,252.88414326676522,mistralai/Ministral-8B-Instruct-2410,vLLM,NVIDIA A40,1,1,1,64
71331.79017255807,71331.79017255807,272.258713740458,305.559,274.89099999999996,294.05775,272.258713740458,305.559,274.89099999999996,294.05775,92.03435114503817,100.0,91.0,100.0,45199.193702290075,45233.125,45233.125,45233.125,45199.193702290075,45233.125,45233.125,45233.125,92.03435114503817,100.0,91.0,100.0,317348,317.348,110.0,1162.1499999999999,4860,13,222718,222.718,198.0,497.04999999999995,1191,11,260.8514347076416,29.96885971069336,26.77666664123535,66.63879820108413,155.20877718925476,1.7378184795379639,0.19885626316070557,0.15546250343322754,0.35515947341918946,1.1368303298950195,0.09106302261352539,2070.3968931790537,853.8116734900041,1216.5852196890498,132.07976464461393,320.2785144108607,224.77466431979425,mistralai/Ministral-8B-Instruct-2410,vLLM,NVIDIA A40,1,1,1,128
204643.55349999998,292957.96012927766,473.71192939814813,642.276,468.2205,522.69515,678.1434259259258,846.318,672.6225,727.4238999999999,93.74074074074075,100.0,94.0,96.0,78105.15046296296,78105.3125,78105.3125,78105.3125,79554.90046296296,79555.0625,79555.0625,79555.0625,23.435185185185187,25.0,23.5,24.0,334726,334.726,129.5,1246.0,6719,20,223192,223.192,199.5,493.14999999999986,1173,10,430.9529798030853,6.690717194080353,6.006497740745544,14.744685792922972,36.02638220787048,0.28970885276794434,0.056056715488433835,0.03505206108093262,0.153146755695343,0.7444102764129639,0.028888463973999023,1294.6145545969507,517.9033687201392,776.7111858768116,525.091429438157,1312.582709636894,875.2172228308457,Qwen/QwQ-32B,vLLM,NVIDIA H100 80GB HBM3,1,1,1,16
67016.71296511556,67016.71296511556,276.9285371900827,306.039,280.9685,301.22394999999995,276.9285371900827,306.039,280.9685,301.22394999999995,91.44834710743801,100.0,96.0,100.0,44228.64152892562,46029.125,44229.125,44233.125,44228.64152892562,46029.125,44229.125,44233.125,91.44834710743801,100.0,96.0,100.0,317348,317.348,110.0,1162.1499999999999,4860,13,222718,222.718,198.0,497.04999999999995,1191,11,240.61602759361267,51.45351684761047,46.10830843448639,114.8574076771736,209.16175317764282,2.834031820297241,0.31386928725242613,0.2807743549346924,0.6325543403625487,1.3520348072052002,0.16899323463439941,2244.5138231279507,925.615812992136,1318.8980101358145,124.08985747133787,300.9038917605023,211.17736039022006,mistralai/Ministral-8B-Instruct-2410,vLLM,NVIDIA A40,1,1,1,
