active_energy,total_energy,active_power_avg,active_power_peak,active_power_p50,active_power_p95,total_power_avg,total_power_peak,total_power_p50,total_power_p95,active_gpu_util_avg,active_gpu_util_peak,active_gpu_util_p50,active_gpu_util_p95,active_mem_avg,active_mem_peak,active_mem_p50,active_mem_p95,total_mem_avg,total_mem_peak,total_mem_p50,total_mem_p95,total_gpu_util_avg,total_gpu_util_peak,total_gpu_util_p50,total_gpu_util_p95,In Tokens Total,In Tokens Avg,In Tokens P50,In Tokens P95,In Tokens Max,In Tokens Min,Out Tokens Total,Out Tokens Avg,Out Tokens P50,Out Tokens P95,Out Tokens Max,Out Tokens Min,Latency Total (s),Latency Avg (s),Latency P50 (s),Latency P95 (s),Latency Max (s),Latency Min (s),TTFT Avg (s),TTFT P50 (s),TTFT P95 (s),TTFT Max (s),TTFT Min (s),Throughput (in+out) tok/s,Throughput (out) tok/s,Throughput (in) tok/s,Energy/Tok (in+out) J/1000,Energy/Tok (out) J/1000,Energy/Tok (in) J/1000,Model Name,FrameWork,Hardware type,TP Size,PP Size,EP Size,DP Size,Precision,Batch Size
162586.5035,162586.5035,1432.4802070484577,1659.387,1440.848,1540.3743,1432.4802070484577,1659.387,1440.848,1540.3743,20.80534140969163,22.9375,21.125,21.9375,297854.8125,297854.8125,297854.8125,297854.8125,297854.8125,297854.8125,297854.8125,297854.8125,20.80534140969163,22.9375,21.125,21.9375,1330904,332.726,127.5,1244.0,6717,18,892768,223.192,199.5,493.1499999999992,1173,10,112.55799293518066,1.7465170681476594,1.5712525844573975,3.8619037032127377,9.453274011611938,0.08739495277404785,0.02150527125597,0.01606881618499756,0.041009891033172596,0.274446964263916,0.015435457229614258,19755.789367002635,7931.626859357049,11824.162507645586,73.11622554945154,182.1150662882182,122.16245762278872,Qwen/Qwen3-8B,vLLM,NVIDIA H100 80GB HBM3,1,1,1,4,fp8,16
221721.273098352,221721.273098352,1595.117071942446,1922.812,1590.9254999999998,1718.75875,1595.117071942446,1922.812,1590.9254999999998,1718.75875,21.677607913669064,23.5,21.9375,22.5,296910.121852518,296910.8125,296910.8125,296910.8125,296910.121852518,296910.8125,296910.8125,296910.8125,21.677607913669064,23.5,21.9375,22.5,1330904,332.726,127.5,1244.0,6717,18,892768,223.192,199.5,493.1499999999992,1173,10,138.05347323417664,2.140011862576008,1.913438081741333,4.70809770822525,11.551056146621704,0.10532164573669434,0.0214799382686615,0.01652514934539795,0.042778861522674544,0.20290255546569824,0.01427006721496582,16107.323835511485,6466.8275204175425,9640.496315093942,99.70952240184343,248.3526213958744,166.59448998451577,Qwen/Qwen3-8B,vLLM,NVIDIA H100 80GB HBM3,1,1,1,4,bfloat16,16
107796.38701837038,107796.38701837038,1497.1720277777777,1725.883,1503.846,1634.7679,1497.1720277777777,1725.883,1503.846,1634.7679,19.60763888888889,23.0,19.96875,21.60625,297918.3125,297918.8125,297918.8125,297918.8125,297918.3125,297918.8125,297918.8125,297918.8125,19.60763888888889,23.0,19.96875,21.60625,1330904,332.726,127.5,1244.0,6717,18,892768,223.192,199.5,493.1499999999992,1173,10,70.85608053207397,2.1486917885541916,1.9292341470718384,4.763700675964355,11.643789291381836,0.08947420120239258,0.02413038831949234,0.017367243766784668,0.047910952568052244,0.18629121780395508,0.016545772552490234,31382.93825035135,12599.737288543307,18783.20096180804,48.4767479279185,120.7440085423877,80.99486290398886,Qwen/Qwen3-8B,vLLM,NVIDIA H100 80GB HBM3,1,1,1,4,fp8,32
144706.12629615667,144706.12629615667,1712.4985266272188,2003.828,1723.6550000000002,1888.4901999999997,1712.4985266272188,2003.828,1723.6550000000002,1888.4901999999997,20.43602071005917,23.4375,20.875,22.375,296973.9452662722,296974.75,296974.75,296974.75,296973.9452662722,296974.75,296974.75,296974.75,20.43602071005917,23.4375,20.875,22.375,1330904,332.726,127.5,1244.0,6717,18,892768,223.192,199.5,493.1499999999992,1173,10,83.22736167907715,2.5158183472752573,2.260286808013916,5.5892675638198845,13.560239315032959,0.10785460472106934,0.02528485596179962,0.018950581550598145,0.06250687837600705,0.2786126136779785,0.014988422393798828,26718.040259096877,10726.856913264817,15991.183345832062,65.07530170643723,162.08704422219063,108.72769658529592,Qwen/Qwen3-8B,vLLM,NVIDIA H100 80GB HBM3,1,1,1,4,bfloat16,32
80616.38959343624,80616.38959343624,1580.7135098039219,1917.479,1610.4855,1785.27345,1580.7135098039219,1917.479,1610.4855,1785.27345,18.91973039215686,22.9375,19.09375,22.359374999999996,297557.4166666667,297574.75,297574.75,297574.75,297557.4166666667,297574.75,297574.75,297574.75,18.91973039215686,22.9375,19.09375,22.359374999999996,1330904,332.726,127.5,1244.0,6717,18,892768,223.192,199.5,493.1499999999992,1173,10,49.846482276916504,2.9319899222254753,2.61368465423584,6.485884642601013,15.961668014526367,0.1393740177154541,0.0313902302980423,0.02555692195892334,0.06013202667236328,0.2677896022796631,0.018972158432006836,44610.40977067632,17910.351126491296,26700.05864418502,36.25372338790804,90.29937183393248,60.57265557353216,Qwen/Qwen3-8B,vLLM,NVIDIA H100 80GB HBM3,1,1,1,4,fp8,64
106141.64391039466,106141.64391039466,1862.1340789473684,2203.9179999999997,1901.9294999999997,2099.4685,1862.1340789473684,2203.9179999999997,1901.9294999999997,2099.4685,19.53344298245614,23.75,19.6875,23.1875,296615.0153508772,296630.875,296630.875,296630.875,296615.0153508772,296630.875,296630.875,296630.875,19.53344298245614,23.75,19.6875,23.1875,1330904,332.726,127.5,1244.0,6717,18,892768,223.192,199.5,493.1499999999992,1173,10,56.02788782119751,3.2608642182946204,2.933814525604248,7.200445127487182,17.545739889144897,0.15617012977600098,0.0321158641576767,0.02469313144683838,0.06884431838989258,0.22832822799682617,0.017177343368530273,39688.66374360625,15934.350458634128,23754.313284972126,47.73259901208212,118.89051120828107,79.75154023911166,Qwen/Qwen3-8B,vLLM,NVIDIA H100 80GB HBM3,1,1,1,4,bfloat16,64
69332.7495,69332.7495,1733.3187375000002,2421.658,1798.8700000000001,1974.3437,1733.3187375000002,2421.658,1798.8700000000001,1974.3437,18.2546875,23.0,18.59375,22.503125,303773.875,304126.875,304126.875,304126.875,303773.875,304126.875,304126.875,304126.875,18.2546875,23.0,18.59375,22.503125,1330904,332.726,127.5,1244.0,6717,18,892768,223.192,199.5,493.1499999999992,1173,10,38.61242699623108,4.363354708850384,3.827796697616577,9.67714512348175,21.921290397644043,0.20573973655700684,0.04403130382299423,0.03719353675842285,0.08915066719055176,0.30910301208496094,0.02218341827392578,57589.54235684409,23121.260937240288,34468.2814196038,31.17939583715584,77.66043305763647,52.094478264397736,Qwen/Qwen3-8B,vLLM,NVIDIA H100 80GB HBM3,1,1,1,4,fp8,128
87507.2670743034,87507.2670743034,1988.8015227272729,2738.4419999999996,2105.718,2258.51825,1988.8015227272729,2738.4419999999996,2105.718,2258.51825,18.647017045454547,23.4375,18.78125,23.059375,304413.82954545453,304822.875,304822.875,304822.875,304413.82954545453,304822.875,304822.875,304822.875,18.647017045454547,23.4375,18.78125,23.059375,1330904,332.726,127.5,1244.0,6717,18,892768,223.192,199.5,493.1499999999992,1173,10,42.678279876708984,4.703828715443612,4.153803825378418,10.380055093765256,23.674461126327515,0.22116518020629883,0.0458429633975029,0.03862655162811279,0.10819411277770996,0.29535818099975586,0.021348953247070312,52103.13082963624,20918.556290906523,31184.57453872972,39.35259654944767,98.01792523287504,65.75024725622839,Qwen/Qwen3-8B,vLLM,NVIDIA H100 80GB HBM3,1,1,1,4,bfloat16,128
41163.14053984403,41163.14053984403,957.2823372093023,1084.426,960.0320000000002,1054.7279999999998,957.2823372093023,1084.426,960.0320000000002,1054.7279999999998,16.005087209302324,19.5625,15.90625,18.421875,295307.0232558139,295487.0,295263.0,295487.0,295307.0232558139,295487.0,295263.0,295487.0,16.005087209302324,19.5625,15.90625,18.421875,332726,332.726,127.5,1244.0,6717,18,223192,223.192,199.5,493.14999999999986,1173,10,41.8156521320343,2.4944489274024964,2.194558620452881,5.510323727130886,13.65062952041626,0.12197160720825195,0.030526129484176635,0.02333247661590576,0.0482783317565918,0.11403489112854004,0.02253437042236328,13294.495521549456,5337.522880075238,7956.972641474218,74.0453457881271,184.42928303811982,123.71483003986474,Qwen/Qwen3-8B,vLLM,NVIDIA H100 80GB HBM3,4,1,1,1,fp8,64
47296.0655,47296.0655,1099.9085000000002,1254.3139999999999,1103.5720000000001,1209.4865,1099.9085000000002,1254.3139999999999,1103.5720000000001,1209.4865,14.992732558139535,22.25,15.09375,19.3125,295147.16279069765,295329.0,295105.0,295329.0,295147.16279069765,295329.0,295105.0,295329.0,14.992732558139535,22.25,15.09375,19.3125,332726,332.726,127.5,1244.0,6717,18,223192,223.192,199.5,493.14999999999986,1173,10,41.817675828933716,2.4908067121505737,2.2023290395736694,5.499371290206908,13.365737438201904,0.12845444679260254,0.030393308401107787,0.02491617202758789,0.04888490438461303,0.3278994560241699,0.02024984359741211,13293.85215654093,5337.264579529145,7956.587577011785,85.07741339550077,211.90753028782393,142.14718867777088,Qwen/Qwen3-8B,vLLM,NVIDIA H100 80GB HBM3,4,1,1,1,bfloat16,64
33386.034499999994,33386.034499999994,1027.2626,1326.554,1037.828,1137.8598,1027.2626,1326.554,1037.828,1137.8598,14.949038461538462,20.0625,14.9375,19.349999999999998,297433.7076923077,297591.0,297591.0,297591.0,297433.7076923077,297591.0,297591.0,297591.0,14.949038461538462,20.0625,14.9375,19.349999999999998,332726,332.726,127.5,1244.0,6717,18,223192,223.192,199.5,493.14999999999986,1173,10,31.47304940223694,3.609365956068039,3.1577261686325073,7.990587210655211,17.988532543182373,0.179520845413208,0.03894062185287476,0.041814446449279785,0.05679035186767578,0.3308703899383545,0.02538132667541504,17663.302748175658,7091.527647909983,10571.775100265677,60.05568177321114,149.58436906340725,100.34092466473913,Qwen/Qwen3-8B,vLLM,NVIDIA H100 80GB HBM3,4,1,1,1,fp8,128
262304.4151939683,262304.4151939683,1670.7287579617832,2040.0009999999997,1668.8555000000001,1798.42655,1670.7287579617832,2040.0009999999997,1668.8555000000001,1798.42655,22.020700636942674,23.875,22.3125,22.9375,298914.0224920382,299150.8125,299150.8125,299150.8125,298914.0224920382,299150.8125,299150.8125,299150.8125,22.020700636942674,23.875,22.3125,22.9375,1330904,332.726,127.5,1244.0,6717,18,892768,223.192,199.5,493.1499999999992,1173,10,155.62467074394226,2.4102886887192727,2.1743654012680054,5.319543862342834,13.350940465927124,0.11267590522766113,0.027890256464481355,0.017742037773132324,0.06517338752746582,0.3044724464416504,0.01685023307800293,14288.685652281498,5736.673984479748,8552.011667801751,117.96002971390037,293.81027903550336,197.08740464674256,Qwen/Qwen3-14B,vLLM,NVIDIA H100 80GB HBM3,1,1,1,4,fp8,16
642116.0003566742,642116.0003566742,3903.4407294832827,4849.0,3972.0,4235.599999999999,3903.4407294832827,4849.0,3972.0,4235.599999999999,11.25066489361702,12.265625,11.5625,11.6875,1330.212154492781,1344.6640625,1344.6640625,1344.6640625,1330.212154492781,1344.6640625,1344.6640625,1344.6640625,11.25066489361702,12.265625,11.5625,11.6875,2661808,332.726,127.5,1244.0,6717,18,1785536,223.192,199.5,493.1499999999978,1173,10,163.11189317703247,2.4943745957911014,2.2343080043792725,5.489753770828246,13.692286014556885,0.14481163024902344,0.04275605177879333,0.035825252532958984,0.06908928155899047,0.35028672218322754,0.03273510932922363,27265.60224013281,10946.694108087384,16318.908132045426,144.38190532521753,359.62086474687385,241.23302670841557,Qwen/Qwen3-8B,vLLM,AMD Instinct MI300X,1,1,1,8,fp8,16
371644.2638400522,371644.2638400522,1791.0566891566266,2176.611,1789.644,1927.6837999999998,1791.0566891566266,2176.611,1789.644,1927.6837999999998,22.845331325301206,24.5,23.0625,23.393749999999997,296925.3376506024,296926.875,296926.875,296926.875,296925.3376506024,296926.875,296926.875,296926.875,22.845331325301206,24.5,23.0625,23.393749999999997,1330904,332.726,127.5,1244.0,6717,18,892768,223.192,199.5,493.1499999999992,1173,10,206.33300113677979,3.1939442690610886,2.882826805114746,7.035780549049377,17.23272204399109,0.1498258113861084,0.030878337323665617,0.02207624912261963,0.07506113052368163,0.34458494186401367,0.015877246856689453,10777.102973100798,4326.8308757268405,6450.272097373959,167.13088254025422,416.2831372092774,279.24197676169894,Qwen/Qwen3-14B,vLLM,NVIDIA H100 80GB HBM3,1,1,1,4,bfloat16,16
781827.5001449585,781827.5001449585,4948.275316455696,5430.0,5040.0,5225.0,4948.275316455696,5430.0,5040.0,5225.0,11.357792721518987,12.328125,11.609375,11.75,1385.6896447290349,1395.1640625,1395.1640625,1395.1640625,1385.6896447290349,1395.1640625,1395.1640625,1395.1640625,11.357792721518987,12.328125,11.609375,11.75,2661808,332.726,127.5,1244.0,6717,18,1785536,223.192,199.5,493.1499999999978,1173,10,156.99762630462646,2.4099587588310243,2.15443754196167,5.30527740716934,13.256378650665283,0.13007664680480957,0.040567944645881655,0.030038118362426758,0.0754500865936279,0.3899962902069092,0.027410268783569336,28327.46013223605,11373.012713806764,16954.447418429285,175.7964978973874,437.8671167341115,293.72047125298235,Qwen/Qwen3-8B,vLLM,AMD Instinct MI300X,1,1,1,8,bfloat16,16
169084.7067129233,169084.7067129233,1752.1731243523316,2059.052,1760.377,1915.9965999999997,1752.1731243523316,2059.052,1760.377,1915.9965999999997,21.34585492227979,23.9375,21.625,23.162499999999994,299238.875,299238.875,299238.875,299238.875,299238.875,299238.875,299238.875,299238.875,21.34585492227979,23.9375,21.625,23.162499999999994,1330904,332.726,127.5,1244.0,6717,18,892768,223.192,199.5,493.1499999999992,1173,10,95.3960599899292,2.8831964182853698,2.5800927877426147,6.381238818168639,15.690359354019165,0.11620330810546875,0.03183858913183212,0.025735855102539062,0.07975963354110716,0.28501248359680176,0.0177764892578125,23309.893513786097,9358.541643064169,13951.351870721928,76.03851049656754,189.39378059352856,127.04500603568951,Qwen/Qwen3-14B,vLLM,NVIDIA H100 80GB HBM3,1,1,1,4,fp8,32
429919.50061035156,429919.50061035156,4017.9392523364486,4686.0,4057.5,4448.25,4017.9392523364486,4686.0,4057.5,4448.25,11.100832359813085,12.359375,11.34375,11.5578125,1341.8588137047313,1345.65625,1345.65625,1345.65625,1341.8588137047313,1345.65625,1345.65625,1345.65625,11.100832359813085,12.359375,11.34375,11.5578125,2661808,332.726,127.5,1244.0,6717,18,1785536,223.192,199.5,493.1499999999978,1173,10,105.86574697494507,3.2159642258584498,2.826643943786621,7.135354316234587,17.208471059799194,0.1316976547241211,0.04779002591967583,0.03727424144744873,0.0982631921768188,0.3411858081817627,0.0345916748046875,42009.28182231161,16866.04072630383,25143.24109600778,96.66882089857486,240.77895971313464,161.51409140341886,Qwen/Qwen3-8B,vLLM,AMD Instinct MI300X,1,1,1,8,fp8,32
236847.005,236847.005,1917.7895141700405,2262.8540000000003,1924.9730000000002,2119.3558,1917.7895141700405,2262.8540000000003,1924.9730000000002,2119.3558,22.125,24.0,22.3125,23.5875,296996.99873481784,296998.8125,296998.8125,296998.8125,296996.99873481784,296998.8125,296998.8125,296998.8125,22.125,24.0,22.3125,23.5875,1330904,332.726,127.5,1244.0,6717,18,892768,223.192,199.5,493.1499999999992,1173,10,122.22095036506653,3.68290788847208,3.3010672330856323,8.14287997484207,19.948352813720703,0.1541597843170166,0.03595088136196137,0.026642560958862305,0.09510931968688957,0.3719046115875244,0.017314434051513672,18193.869327296405,7304.541466363634,10889.327860932768,106.51166404038005,265.2951326660454,177.95949595162386,Qwen/Qwen3-14B,vLLM,NVIDIA H100 80GB HBM3,1,1,1,4,bfloat16,32
123290.38809611727,123290.38809611727,1853.9907969924814,2351.594,1877.115,2093.3104,1853.9907969924814,2351.594,1877.115,2093.3104,20.74577067669173,24.25,20.75,23.4375,298446.3914473684,298446.8125,298446.8125,298446.8125,298446.3914473684,298446.8125,298446.8125,298446.8125,20.74577067669173,24.25,20.75,23.4375,1330904,332.726,127.5,1244.0,6717,18,892768,223.192,199.5,493.1499999999992,1173,10,65.54790735244751,3.832084554195404,3.421438694000244,8.468980526924131,20.80791473388672,0.1807560920715332,0.041498634576797484,0.036490559577941895,0.08916589021682735,0.2950410842895508,0.020734310150146484,33924.37821154896,13620.083936465513,20304.294275083445,55.44450264972409,138.09902247405515,92.63657491157684,Qwen/Qwen3-14B,vLLM,NVIDIA H100 80GB HBM3,1,1,1,4,fp8,64
510993.50091958046,510993.50091958046,4889.88995215311,5482.0,4961.0,5213.2,4889.88995215311,5482.0,4961.0,5213.2,11.140026913875598,12.375,11.359375,11.671875,1391.1539417613637,1396.1494140625,1396.1494140625,1396.1494140625,1391.1539417613637,1396.1494140625,1396.1494140625,1396.1494140625,11.140026913875598,12.375,11.359375,11.671875,2661808,332.726,127.5,1244.0,6717,18,1785536,223.192,199.5,493.1499999999978,1173,10,103.0433120727539,3.1310698350071906,2.784022808074951,6.973547673225397,16.973883867263794,0.12454366683959961,0.04688725873827934,0.03258788585662842,0.11005730628967282,0.40109801292419434,0.028657197952270508,43159.948089206846,17328.014444443703,25831.933644763147,114.89857787470015,286.1849332186976,191.9723364418397,Qwen/Qwen3-8B,vLLM,AMD Instinct MI300X,1,1,1,8,bfloat16,32
170532.70612494563,170532.70612494563,2054.6109156626508,2633.317,2089.0795,2310.48675,2054.6109156626508,2633.317,2089.0795,2310.48675,21.11897590361446,24.4375,21.375,23.921875,296780.2725903614,296790.875,296790.875,296790.875,296780.2725903614,296790.875,296790.875,296790.875,21.11897590361446,24.4375,21.375,23.921875,1330904,332.726,127.5,1244.0,6717,18,892768,223.192,199.5,493.1499999999992,1173,10,81.89511632919312,4.72688883715868,4.232467174530029,10.447051167488096,25.405190467834473,0.22496867179870605,0.04803996896743774,0.03602921962738037,0.11203861236572266,0.381671667098999,0.02056145668029785,27152.681376768844,10901.358225212696,16251.323151556147,76.68968540546702,191.0157018676136,128.13298789765875,Qwen/Qwen3-14B,vLLM,NVIDIA H100 80GB HBM3,1,1,1,4,bfloat16,64
322931.5005931854,322931.5005931854,4221.326797385621,5476.0,4266.0,4710.0,4221.326797385621,5476.0,4266.0,4710.0,10.667994281045752,12.359375,10.90625,11.615625,1340.5323414522059,1345.0478515625,1345.0478515625,1345.0478515625,1340.5323414522059,1345.0478515625,1345.0478515625,1345.0478515625,10.667994281045752,12.359375,10.90625,11.615625,2661808,332.726,127.5,1244.0,6717,18,1785536,223.192,199.5,493.1499999999978,1173,10,74.87937664985657,4.452425018817187,3.90976083278656,9.901675128936764,24.206589460372925,0.21213269233703613,0.05915157270431519,0.04012858867645264,0.1281571388244629,0.37105703353881836,0.036047935485839844,59393.44314785397,23845.497650833076,35547.94549702089,72.61221542412402,180.85969736436869,121.32035841547753,Qwen/Qwen3-8B,vLLM,AMD Instinct MI300X,1,1,1,8,fp8,64
105723.724,105723.724,2013.7852190476194,2673.0339999999997,2072.908,2274.0044000000003,2013.7852190476194,2673.0339999999997,2072.908,2274.0044000000003,20.183333333333334,24.0625,20.4375,23.225,303217.8357142857,303462.75,303462.75,303462.75,303217.8357142857,303462.75,303462.75,303462.75,20.183333333333334,24.0625,20.4375,23.225,1330904,332.726,127.5,1244.0,6717,18,892768,223.192,199.5,493.1499999999992,1173,10,51.233585596084595,5.723725970983505,5.073656916618347,12.664993202686306,28.785929203033447,0.2656393051147461,0.058233138859272005,0.049508094787597656,0.13924670219421387,0.3239479064941406,0.024321317672729492,43402.622988970325,17425.44445431568,25977.178534654642,47.54465766533913,118.42239417183411,79.43752817633728,Qwen/Qwen3-14B,vLLM,NVIDIA H100 80GB HBM3,1,1,1,4,fp8,128
370554.5,370554.5,4875.7171052631575,5775.0,4985.5,5234.549999999999,4875.7171052631575,5775.0,4985.5,5234.549999999999,10.641344572368421,12.40625,10.9375,11.684375,1389.4613294099506,1396.109375,1396.109375,1396.109375,1389.4613294099506,1396.109375,1396.109375,1396.109375,10.641344572368421,12.40625,10.9375,11.684375,2661808,332.726,127.5,1244.0,6717,18,1785536,223.192,199.5,493.1499999999978,1173,10,74.93060326576233,4.399541992992162,3.880556344985962,9.767106044292449,24.198383331298828,0.20672082901000977,0.06023796334862709,0.04299640655517578,0.16109251976013184,0.3983614444732666,0.0310671329498291,59352.8385755317,23829.195578035018,35523.64299749668,83.32040426825539,207.53123991899352,139.21158100058307,Qwen/Qwen3-8B,vLLM,AMD Instinct MI300X,1,1,1,8,bfloat16,64
137934.88113708972,137934.88113708972,2224.7561451612896,2762.69,2334.87,2517.8516,2224.7561451612896,2762.69,2334.87,2517.8516,20.023185483870968,24.5,20.3125,23.803125,301509.9737903226,301766.8125,301766.8125,301766.8125,301509.9737903226,301766.8125,301766.8125,301766.8125,20.023185483870968,24.5,20.3125,23.803125,1330904,332.726,127.5,1244.0,6717,18,892768,223.192,199.5,493.1499999999992,1173,10,61.0430474281311,6.660174322426319,5.882692098617554,14.716756296157834,33.301186084747314,0.3042600154876709,0.06768232768774032,0.05104851722717285,0.19311189651489258,0.4060251712799072,0.026697397232055664,36427.93231478221,14625.220031013334,21802.712283768873,62.030227990949086,154.50249240238196,103.63999291991739,Qwen/Qwen3-14B,vLLM,NVIDIA H100 80GB HBM3,1,1,1,4,bfloat16,128
258727.0001387596,258727.0001387596,4312.116666666667,5431.0,4417.0,4885.0,4312.116666666667,5431.0,4417.0,4885.0,9.987760416666667,12.34375,10.25,11.66171875,1342.2184977213542,1345.375,1345.375,1345.375,1342.2184977213542,1345.375,1345.375,1345.375,9.987760416666667,12.34375,10.25,11.66171875,2661808,332.726,127.5,1244.0,6717,18,1785536,223.192,199.5,493.1499999999978,1173,10,58.97785997390747,6.688403791368008,5.854607343673706,14.852894103527055,33.48309278488159,0.32407236099243164,0.07924363702535629,0.07654726505279541,0.1426219940185547,0.4369208812713623,0.04191231727600098,75407.00869729013,30274.682750271764,45132.32594701836,58.175621255913555,144.90158705215666,97.19972294724474,Qwen/Qwen3-8B,vLLM,AMD Instinct MI300X,1,1,1,8,fp8,128
105163.9905,105163.9905,1290.3557116564416,1501.2939999999999,1286.7340000000002,1402.7022,1290.3557116564416,1501.2939999999999,1286.7340000000002,1402.7022,19.28680981595092,23.3125,19.3125,21.375,298002.875,298002.875,298002.875,298002.875,298002.875,298002.875,298002.875,298002.875,19.28680981595092,23.3125,19.3125,21.375,665452,332.726,127.5,1244.0,6717,18,446384,223.192,199.5,493.14999999999986,1173,10,80.32321286201477,2.4460004160404205,2.1809797286987305,5.4231411695480345,13.127106428146362,0.10221529006958008,0.03157290780544281,0.022455215454101562,0.0740543723106384,0.2846803665161133,0.021235942840576172,13842.025989547943,5557.347422927814,8284.678566620129,94.58588361952663,235.59086011147352,158.03392355872398,Qwen/Qwen3-14B,vLLM,NVIDIA H100 80GB HBM3,2,1,1,2,fp8,32
297020.00043201447,297020.00043201447,4869.180327868852,5762.0,4969.0,5368.199999999999,4869.180327868852,5762.0,4969.0,5368.199999999999,10.091444672131148,12.34375,10.328125,11.79609375,1395.4725922131147,1398.78125,1398.78125,1398.78125,1395.4725922131147,1398.78125,1398.78125,1398.78125,10.091444672131148,12.34375,10.328125,11.79609375,2661808,332.726,127.5,1244.0,6717,18,1785536,223.192,199.5,493.1499999999978,1173,10,60.10807013511658,6.775533619850874,5.96932053565979,15.043559920787809,33.90945267677307,0.3252115249633789,0.0845739843249321,0.06832730770111084,0.17436742782592773,0.420665979385376,0.03551340103149414,73989.13307319369,29705.428838196003,44283.70423499769,66.78592895715161,166.34780840711946,111.58580950692705,Qwen/Qwen3-8B,vLLM,AMD Instinct MI300X,1,1,1,8,bfloat16,128
139502.67145385002,139502.67145385002,1500.0287204301076,1777.212,1495.7905,1655.7172500000001,1500.0287204301076,1777.212,1495.7905,1655.7172500000001,19.722110215053764,23.75,20.03125,21.953125,296717.75470430107,296718.9375,296718.9375,296718.9375,296717.75470430107,296718.9375,296718.9375,296718.9375,19.722110215053764,23.75,20.03125,21.953125,665452,332.726,127.5,1244.0,6717,18,446384,223.192,199.5,493.14999999999986,1173,10,91.96003937721252,2.787778338074684,2.4720126390457153,6.123717391490936,15.175235033035278,0.11992716789245605,0.03306620693206787,0.0257796049118042,0.07434046268463111,0.2733454704284668,0.019289016723632812,12090.425444897213,4854.108404292538,7236.317040604676,125.47054732339124,312.51718577245157,209.63596390701363,Qwen/Qwen3-14B,vLLM,NVIDIA H100 80GB HBM3,2,1,1,2,bfloat16,32
76710.06404006982,76710.06404006982,1345.7905964912281,1685.921,1353.4695,1509.7713999999999,1345.7905964912281,1685.921,1353.4695,1509.7713999999999,18.54769736842105,23.9375,18.625,21.60625,297610.2785087719,297610.875,297610.875,297610.875,297610.2785087719,297610.875,297610.875,297610.875,18.54769736842105,23.9375,18.625,21.60625,665452,332.726,127.5,1244.0,6717,18,446384,223.192,199.5,493.14999999999986,1173,10,55.80678987503052,3.2921187442541124,2.8935292959213257,7.2690030813217135,17.623855590820312,0.15730571746826172,0.03923324036598205,0.031035780906677246,0.08025860786437988,0.2552924156188965,0.022863388061523438,19922.952072494423,7998.739956188098,11924.212116306324,68.9940459205043,171.8477007241967,115.27512734212208,Qwen/Qwen3-14B,vLLM,NVIDIA H100 80GB HBM3,2,1,1,2,fp8,64
332495.9308769703,332495.9308769703,3151.611374407583,4266.0,3173.0,3504.5,3151.611374407583,4266.0,3173.0,3504.5,10.504220971563981,11.875,10.71875,11.1015625,1362.7473480079977,1368.5390625,1368.5390625,1368.5390625,1362.7473480079977,1368.5390625,1368.5390625,1368.5390625,10.504220971563981,11.875,10.71875,11.1015625,1330904,332.726,127.5,1244.0,6717,18,892768,223.192,199.5,493.1499999999992,1173,10,104.13824319839478,3.169137451469898,2.802730917930603,6.976411366462707,17.574039936065674,0.12912511825561523,0.05375926750898361,0.041219115257263184,0.11028847694396969,0.43663692474365234,0.03924393653869629,21353.077713858307,8572.912050179097,12780.16566367921,149.52561838120474,372.4326262556121,249.82713319440793,Qwen/Qwen3-8B,vLLM,AMD Instinct MI300X,2,1,1,4,fp8,32
101833.341,101833.341,1591.145953125,1982.8529999999998,1607.724,1799.9485,1591.145953125,1982.8529999999998,1607.724,1799.9485,18.96044921875,23.5,18.8125,22.228125,296285.140625,296286.9375,296286.9375,296286.9375,296285.140625,296286.9375,296286.9375,296286.9375,18.96044921875,23.5,18.8125,22.228125,665452,332.726,127.5,1244.0,6717,18,446384,223.192,199.5,493.14999999999986,1173,10,62.73832297325134,3.6729421550035477,3.2723605632781982,8.116239595413209,19.441109657287598,0.1811683177947998,0.04182535421848297,0.032840609550476074,0.08862996101379395,0.2745363712310791,0.0213625431060791,17721.799807655592,7115.013262154251,10606.78654550134,91.59025341866966,228.12946028531488,153.02883002831157,Qwen/Qwen3-14B,vLLM,NVIDIA H100 80GB HBM3,2,1,1,2,bfloat16,64
371087.5002813339,371087.5002813339,3865.4947916666665,4283.0,3914.0,4140.8,3865.4947916666665,4283.0,3914.0,4140.8,10.548095703125,11.3125,10.671875,11.109375,1393.2920379638672,1393.3828125,1393.3828125,1393.3828125,1393.2920379638672,1393.3828125,1393.3828125,1393.3828125,10.548095703125,11.3125,10.671875,11.109375,1330904,332.726,127.5,1244.0,6717,18,892768,223.192,199.5,493.1499999999992,1173,10,94.79512691497803,2.907356330394745,2.564728260040283,6.407757294178008,15.908294677734375,0.11680436134338379,0.0493536918759346,0.035024404525756836,0.1108403205871582,0.3926553726196289,0.032714128494262695,23457.661510326547,9417.868080927048,14039.793429399499,166.8805022869083,415.65949975955,278.8236418865177,Qwen/Qwen3-8B,vLLM,AMD Instinct MI300X,2,1,1,4,bfloat16,32
64442.7166451385,64442.7166451385,1432.0603666666666,2016.7389999999998,1454.5079999999998,1618.14415,1432.0603666666666,2016.7389999999998,1454.5079999999998,1618.14415,18.038888888888888,23.6875,18.03125,21.534375,299357.24861111114,299466.9375,299466.9375,299466.9375,299357.24861111114,299466.9375,299466.9375,299466.9375,18.038888888888888,23.6875,18.03125,21.534375,665452,332.726,127.5,1244.0,6717,18,446384,223.192,199.5,493.14999999999986,1173,10,43.92871713638306,4.939869474411011,4.403387069702148,10.888966822624207,24.70872664451599,0.23505115509033203,0.052864738941192625,0.045676589012145996,0.1203012466430664,0.26804280281066895,0.026703596115112305,25310.00385347344,10161.553286751723,15148.450566721718,57.960631464657105,144.36609879641406,96.84051839221836,Qwen/Qwen3-14B,vLLM,NVIDIA H100 80GB HBM3,2,1,1,2,fp8,128
82939.53749999999,82939.53749999999,1675.5462121212122,2382.622,1725.708,1908.1036,1675.5462121212122,2382.622,1725.708,1908.1036,17.875,23.9375,18.0,22.13125,297964.37184343435,298074.9375,298074.9375,298074.9375,297964.37184343435,298074.9375,298074.9375,298074.9375,17.875,23.9375,18.0,22.13125,665452,332.726,127.5,1244.0,6717,18,446384,223.192,199.5,493.14999999999986,1173,10,48.15334439277649,5.3621985722780225,4.728894233703613,11.766560328006744,26.328388690948486,0.25473523139953613,0.05824277651309967,0.048842668533325195,0.14009761810302734,0.30223846435546875,0.025790691375732422,23089.486597877658,9270.051865119514,13819.434732758144,74.59691672153086,185.80311458295992,124.63639375942965,Qwen/Qwen3-14B,vLLM,NVIDIA H100 80GB HBM3,2,1,1,2,bfloat16,128
246847.5,246847.5,3226.764705882353,4379.0,3237.0,3596.6000000000004,3226.764705882353,4379.0,3237.0,3596.6000000000004,10.26358251633987,11.828125,10.453125,11.046875,1367.3889399509803,1369.71875,1369.71875,1369.71875,1367.3889399509803,1369.71875,1369.71875,1369.71875,10.26358251633987,11.828125,10.453125,11.046875,1330904,332.726,127.5,1244.0,6717,18,892768,223.192,199.5,493.1499999999992,1173,10,75.40885496139526,4.501512381017208,3.9900126457214355,10.00248473882675,24.261603593826294,0.21770644187927246,0.06495410233736038,0.044216275215148926,0.14404058456420898,0.34218907356262207,0.04066109657287598,29488.20799809763,11839.034029319802,17649.173968777828,111.00895275921988,276.49680544105524,185.47355782235232,Qwen/Qwen3-8B,vLLM,AMD Instinct MI300X,2,1,1,4,fp8,64
58588.06150000001,58588.06150000001,1502.257987179487,2005.1260000000002,1535.4295000000002,1886.6739499999994,1502.257987179487,2005.1260000000002,1535.4295000000002,1886.6739499999994,17.875,23.4375,18.46875,21.625,301727.15705128206,309938.875,301998.875,301998.875,301727.15705128206,309938.875,301998.875,301998.875,17.875,23.4375,18.46875,21.625,665452,332.726,127.5,1244.0,6717,18,446384,223.192,199.5,493.14999999999986,1173,10,37.71230626106262,7.9387837098836895,7.060305595397949,17.746622693538665,31.60785722732544,0.4298217296600342,0.07967877960205078,0.07011628150939941,0.1458420276641845,0.483809232711792,0.03533196449279785,29482.04738006049,11836.56064176814,17645.486738292348,52.69487721210683,131.25036179612175,88.04250569537699,Qwen/Qwen3-14B,vLLM,NVIDIA H100 80GB HBM3,2,1,1,2,fp8,256
282017.00226044655,282017.00226044655,3889.8896551724138,4692.0,3934.0,4237.599999999999,3889.8896551724138,4692.0,3934.0,4237.599999999999,10.164439655172414,12.0,10.375,10.990625,1394.6538591056035,1395.26953125,1395.26953125,1395.26953125,1394.6538591056035,1395.26953125,1395.26953125,1395.26953125,10.164439655172414,12.0,10.375,10.990625,1330904,332.726,127.5,1244.0,6717,18,892768,223.192,199.5,493.1499999999992,1173,10,71.13609170913696,4.247830535233021,3.7572779655456543,9.454786038398742,22.86720371246338,0.20302462577819824,0.062494205415248874,0.04318428039550781,0.15862751007080078,0.37717366218566895,0.03562355041503906,31259.406393764304,12550.141265145296,18709.26512861901,126.82491044562622,315.8905810473119,211.89883136608393,Qwen/Qwen3-8B,vLLM,AMD Instinct MI300X,2,1,1,4,bfloat16,64
73514.58970622873,73514.58970622873,1750.3473690476192,2439.3230000000003,1788.3045,2259.381499999999,1750.3473690476192,2439.3230000000003,1788.3045,2259.381499999999,17.57514880952381,23.375,17.96875,22.04375,298557.51785714284,306124.875,298722.875,298726.875,298557.51785714284,306124.875,298722.875,298726.875,17.57514880952381,23.375,17.96875,22.04375,665452,332.726,127.5,1244.0,6717,18,446384,223.192,199.5,493.14999999999986,1173,10,40.77538251876831,8.471776556253433,7.517831325531006,19.05287582874298,33.58354330062866,0.4636056423187256,0.08619118332862855,0.07497203350067139,0.15793956518173213,0.41808605194091797,0.03459286689758301,27267.334634769843,10947.389636247704,16319.94499852214,66.11999405148667,164.689123504043,110.47316666901405,Qwen/Qwen3-14B,vLLM,NVIDIA H100 80GB HBM3,2,1,1,2,bfloat16,256
205721.50009679794,205721.50009679794,3428.6916666666666,4393.0,3446.0,3869.55,3428.6916666666666,4393.0,3446.0,3869.55,9.779166666666667,11.9375,9.9609375,10.77734375,1372.6086832682292,1372.765625,1372.765625,1372.765625,1372.6086832682292,1372.765625,1372.765625,1372.765625,9.779166666666667,11.9375,9.9609375,10.77734375,1330904,332.726,127.5,1244.0,6717,18,892768,223.192,199.5,493.1499999999992,1173,10,59.01622128486633,6.801630396425724,5.986966013908386,15.11299601793289,33.27084136009216,0.33437681198120117,0.08464952087402344,0.08174753189086914,0.15502333641052246,0.4694037437438965,0.045545339584350586,37678.996580728584,15127.501906478967,22551.494674249618,92.51431870203787,230.4310863480747,154.57275663518777,Qwen/Qwen3-8B,vLLM,AMD Instinct MI300X,2,1,1,4,fp8,128
54361.0196255958,54361.0196255958,1109.4085612244899,1322.65,1111.8500000000001,1263.5065499999998,1109.4085612244899,1322.65,1111.8500000000001,1263.5065499999998,16.628188775510203,20.625,16.6875,20.05625,296088.7346938776,296097.0,296097.0,296097.0,296088.7346938776,296097.0,296097.0,296097.0,16.628188775510203,20.625,16.6875,20.05625,332726,332.726,127.5,1244.0,6717,18,223192,223.192,199.5,493.14999999999986,1173,10,47.99568295478821,2.8456404275894167,2.502970337867737,6.32368538379669,15.36770749092102,0.1369161605834961,0.03417136764526367,0.02461111545562744,0.0596473455429077,0.27686285972595215,0.023715496063232422,11582.666726998616,4650.251569714013,6932.415157284602,97.78603971376319,243.5616851213117,163.3807385824847,Qwen/Qwen3-14B,vLLM,NVIDIA H100 80GB HBM3,4,1,1,1,fp8,64
66499.31706133223,66499.31706133223,1291.2488737864078,1545.64,1290.5790000000002,1444.4623,1291.2488737864078,1545.64,1290.5790000000002,1444.4623,16.700849514563107,21.875,16.8125,20.387499999999996,295574.06796116504,295583.0,295583.0,295583.0,295574.06796116504,295583.0,295583.0,295583.0,16.700849514563107,21.875,16.8125,20.387499999999996,332726,332.726,127.5,1244.0,6717,18,223192,223.192,199.5,493.14999999999986,1173,10,50.41371154785156,2.9833118453025818,2.63086473941803,6.695316970348355,15.609673500061035,0.14910364151000977,0.036187764644622804,0.028275012969970703,0.06359498500823973,0.31624650955200195,0.021558284759521484,11027.119070023939,4427.208256391739,6599.910813632199,119.62073014605072,297.9466874320416,199.86209993006926,Qwen/Qwen3-14B,vLLM,NVIDIA H100 80GB HBM3,4,1,1,1,bfloat16,64
230922.50036597252,230922.50036597252,3947.3931623931626,4581.0,4040.0,4266.799999999999,3947.3931623931626,4581.0,4040.0,4266.799999999999,9.657318376068377,11.765625,9.90625,10.7,1392.697499332265,1399.03125,1399.03125,1399.03125,1392.697499332265,1399.03125,1399.03125,1399.03125,9.657318376068377,11.765625,9.90625,10.7,1330904,332.726,127.5,1244.0,6717,18,892768,223.192,199.5,493.1499999999992,1173,10,57.39828872680664,6.574714086472988,5.7992037534713745,14.58193733692169,32.48788118362427,0.3179903030395508,0.08425359749794006,0.07098507881164551,0.17178869247436523,0.49184751510620117,0.03873872756958008,38741.085306285124,15553.913188060811,23187.172118224316,103.84737513714816,258.65902492693795,173.50800686298373,Qwen/Qwen3-8B,vLLM,AMD Instinct MI300X,2,1,1,4,bfloat16,128
45152.71504045581,45152.71504045581,1172.7977922077919,1644.2089999999998,1185.9279999999999,1323.521,1172.7977922077919,1644.2089999999998,1185.9279999999999,1323.521,16.056818181818183,22.375,15.75,20.575,298271.25974025973,298409.0,298409.0,298409.0,298271.25974025973,298409.0,298409.0,298409.0,16.056818181818183,22.375,15.75,20.575,332726,332.726,127.5,1244.0,6717,18,223192,223.192,199.5,493.14999999999986,1173,10,37.12336564064026,4.226576448202133,3.719796657562256,9.385261809825897,20.925402402877808,0.20523858070373535,0.04503996229171753,0.046682119369506836,0.07751933336257932,0.35496044158935547,0.027820825576782227,14974.881463641243,6012.170398571401,8962.711065069841,81.22189790662618,202.30436144868906,135.70540036082485,Qwen/Qwen3-14B,vLLM,NVIDIA H100 80GB HBM3,4,1,1,1,fp8,128
176770.0,176770.0,3535.4,4337.0,3607.5,4224.2,3535.4,4337.0,3607.5,4224.2,9.02609375,11.96875,9.1328125,11.203125,1400.62353515625,1403.6806640625,1403.6806640625,1403.6806640625,1400.62353515625,1403.6806640625,1403.6806640625,1403.6806640625,9.02609375,11.96875,9.1328125,11.203125,1330904,332.726,127.5,1244.0,6717,18,892768,223.192,199.5,493.1499999999992,1173,10,48.671534061431885,10.422856675088406,9.129815459251404,23.5209551930427,41.60281038284302,0.5646378993988037,0.12157361149787903,0.10937833786010742,0.21959116458892816,0.5645885467529297,0.05613255500793457,45687.3209953346,18342.7133994415,27344.6075958931,79.49463769836558,198.00216853650667,132.81949712375948,Qwen/Qwen3-8B,vLLM,AMD Instinct MI300X,2,1,1,4,fp8,256
53991.81167772245,53991.81167772245,1366.8813037974687,2039.612,1382.839,1552.936,1366.8813037974687,2039.612,1382.839,1552.936,15.643987341772151,22.5,15.25,20.94375,297679.30379746837,297815.0,297815.0,297815.0,297679.30379746837,297815.0,297815.0,297815.0,15.643987341772151,22.5,15.25,20.94375,332726,332.726,127.5,1244.0,6717,18,223192,223.192,199.5,493.14999999999986,1173,10,38.08759689331055,4.315261696100235,3.8282910585403442,9.572456598281859,21.047172784805298,0.20858550071716309,0.045696215867996215,0.0449521541595459,0.08293795585632324,0.18686747550964355,0.025429964065551758,14595.775143210407,5859.965400946573,8735.809742263833,97.12189869319296,241.90746835783742,162.27109296454876,Qwen/Qwen3-14B,vLLM,NVIDIA H100 80GB HBM3,4,1,1,1,bfloat16,128
39260.10007453417,39260.10007453417,1246.352380952381,1832.72,1255.7510000000002,1427.9316000000001,1246.352380952381,1832.72,1255.7510000000002,1427.9316000000001,14.734126984126984,22.3125,14.75,20.4375,299674.873015873,300193.0,300191.0,300192.8,299674.873015873,300193.0,300191.0,300192.8,14.734126984126984,22.3125,14.75,20.4375,332726,332.726,127.5,1244.0,6717,18,223192,223.192,199.5,493.14999999999986,1173,10,30.359516143798828,6.433970388174057,5.665993690490723,14.355426955223075,25.687082290649414,0.34416794776916504,0.06483630418777465,0.05817079544067383,0.10597308874130248,0.396486759185791,0.035585641860961914,18311.161395553092,7351.632316629945,10959.529078923148,70.62210627202964,175.90281047051045,117.99528763767836,Qwen/Qwen3-14B,vLLM,NVIDIA H100 80GB HBM3,4,1,1,1,fp8,256
199980.000333786,199980.000333786,3999.6,4659.0,4100.5,4534.55,3999.6,4659.0,4100.5,4534.55,9.0203125,11.96875,9.25,11.21875,1426.97130859375,1434.72265625,1434.72265625,1434.72265625,1426.97130859375,1434.72265625,1434.72265625,1434.72265625,9.0203125,11.96875,9.25,11.21875,1330904,332.726,127.5,1244.0,6717,18,892768,223.192,199.5,493.1499999999992,1173,10,48.657315254211426,10.392475182414055,9.08021879196167,23.491368770599344,41.554497957229614,0.5687415599822998,0.12436855280399323,0.11028242111206055,0.23826987743377687,0.6012077331542969,0.048940181732177734,45700.67190066626,18348.07356993928,27352.59833072698,89.9323282992213,223.99996453029902,150.258771732436,Qwen/Qwen3-8B,vLLM,AMD Instinct MI300X,2,1,1,4,bfloat16,256
46648.59450000001,46648.59450000001,1435.3413692307693,2281.042,1437.4339999999997,1707.7448,1435.3413692307693,2281.042,1437.4339999999997,1707.7448,14.70673076923077,21.8125,14.6875,20.675,298113.24615384615,298601.0,298599.0,298600.6,298113.24615384615,298601.0,298599.0,298600.6,14.70673076923077,21.8125,14.6875,20.675,332726,332.726,127.5,1244.0,6717,18,223192,223.192,199.5,493.14999999999986,1173,10,31.522212266921997,6.663080162286758,5.854883432388306,15.022468900680535,26.52656388282776,0.35683345794677734,0.06626879596710206,0.06201004981994629,0.11043064594268798,0.33104681968688965,0.03415727615356445,17635.75460036336,7080.46751636806,10555.287083995301,83.91272543792431,209.00657057600634,140.2012301413175,Qwen/Qwen3-14B,vLLM,NVIDIA H100 80GB HBM3,4,1,1,1,bfloat16,256
201391.0,201391.0,2777.806896551724,3533.0,2796.0,3208.2,2777.806896551724,3533.0,2796.0,3208.2,9.848814655172413,11.015625,10.09375,10.609375,1378.3771012931034,1378.390625,1378.390625,1378.390625,1378.3771012931034,1378.390625,1378.390625,1378.390625,9.848814655172413,11.015625,10.09375,10.609375,665452,332.726,127.5,1244.0,6717,18,446384,223.192,199.5,493.14999999999986,1173,10,71.39369583129883,4.286615466713905,3.7769447565078735,9.531050980091093,22.11048173904419,0.2013993263244629,0.06363276529312134,0.044174909591674805,0.10417244434356689,1.7975919246673584,0.04175567626953125,15573.307797753394,6252.428800643576,9320.878997109818,181.1337283556208,451.16088390264883,302.63790626521524,Qwen/Qwen3-8B,vLLM,AMD Instinct MI300X,4,1,1,2,fp8,64
36784.030064699415,36784.030064699415,1290.6677192982456,1816.1680000000001,1261.865,1681.5793999999999,1290.6677192982456,1816.1680000000001,1261.865,1681.5793999999999,14.524122807017545,21.375,14.625,20.75,299080.8245614035,304939.0,299945.0,302414.2,299080.8245614035,304939.0,299945.0,302414.2,14.524122807017545,21.375,14.625,20.75,332726,332.726,127.5,1244.0,6717,18,223192,223.192,199.5,493.14999999999986,1173,10,27.586042404174805,9.583400985956192,8.922311186790466,20.110709571838377,24.727232933044434,0.6223042011260986,0.0952324459552765,0.08375382423400879,0.15131689310073843,0.44921183586120605,0.053771257400512695,20152.14766420676,8090.75824396698,12061.389420239782,66.16808605711527,164.80890921134903,110.55351870517907,Qwen/Qwen3-14B,vLLM,NVIDIA H100 80GB HBM3,4,1,1,1,fp8,512
44763.43785990382,44763.43785990382,1492.1145666666666,2245.293,1442.0575,2050.34175,1492.1145666666666,2245.293,1442.0575,2050.34175,14.891666666666667,23.0625,15.40625,21.065625,301987.3333333333,304665.0,304663.0,304665.0,301987.3333333333,304665.0,304663.0,304665.0,14.891666666666667,23.0625,15.40625,21.065625,332726,332.726,127.5,1244.0,6717,18,223192,223.192,199.5,493.14999999999986,1173,10,28.720022439956665,9.874169244050979,9.240744352340698,20.621611714363098,25.625739097595215,0.6467056274414062,0.09649834585189819,0.08702504634857178,0.1544939041137695,0.44219136238098145,0.055559396743774414,19356.461199228743,7771.303120205249,11585.158079023495,80.52165581957019,200.56022554528755,134.5354371461918,Qwen/Qwen3-14B,vLLM,NVIDIA H100 80GB HBM3,4,1,1,1,bfloat16,512
205540.50182676315,205540.50182676315,3262.5476190476193,4232.0,3272.5,3787.25,3262.5476190476193,4232.0,3272.5,3787.25,9.645337301587302,11.15625,9.8046875,10.4921875,1390.8455791170634,1390.8515625,1390.8515625,1390.8515625,1390.8455791170634,1390.8515625,1390.8515625,1390.8515625,9.645337301587302,11.15625,9.8046875,10.4921875,665452,332.726,127.5,1244.0,6717,18,446384,223.192,199.5,493.14999999999986,1173,10,61.656983375549316,3.714756557583809,3.2752575874328613,8.333133602142334,19.843177318572998,0.1785128116607666,0.05400363409519195,0.03827786445617676,0.10422772169113158,0.273831844329834,0.03580307960510254,18032.604566912847,7239.796298192201,10792.808268720644,184.86584516670007,460.4566960884869,308.8735202941206,Qwen/Qwen3-8B,vLLM,AMD Instinct MI300X,4,1,1,2,bfloat16,64
159044.50008535385,159044.50008535385,2891.7181818181816,3951.0,2911.0,3297.25,2891.7181818181816,3951.0,2911.0,3297.25,9.242329545454545,11.15625,9.484375,10.2890625,1381.6043590198863,1382.828125,1382.828125,1382.828125,1381.6043590198863,1382.828125,1382.828125,1382.828125,9.242329545454545,11.15625,9.484375,10.2890625,665452,332.726,127.5,1244.0,6717,18,446384,223.192,199.5,493.14999999999986,1173,10,53.90387225151062,6.172213421940803,5.415099024772644,13.682784771919248,30.058043956756592,0.3031322956085205,0.07534795522689819,0.08203816413879395,0.12042713165283203,0.2825455665588379,0.04666280746459961,20626.273281672107,8281.111937881056,12345.161343791051,143.04672639252,356.2952527092231,239.00221215858372,Qwen/Qwen3-8B,vLLM,AMD Instinct MI300X,4,1,1,2,fp8,128
164598.00153541565,164598.00153541565,3359.1428571428573,4559.0,3352.5,3912.15,3359.1428571428573,4559.0,3352.5,3912.15,9.043845663265307,11.28125,9.25,10.259374999999999,1395.6589604591836,1395.8125,1395.8125,1395.8125,1395.6589604591836,1395.8125,1395.8125,1395.8125,9.043845663265307,11.28125,9.25,10.259374999999999,665452,332.726,127.5,1244.0,6717,18,446384,223.192,199.5,493.14999999999986,1173,10,48.0342903137207,5.596719601154327,4.924349784851074,12.407653820514678,27.170197248458862,0.2763857841491699,0.06999889159202576,0.06999993324279785,0.11544033288955688,0.5336592197418213,0.04041290283203125,23146.71441460666,9293.027899123414,13853.686515483247,148.04161902961917,368.7363380753245,247.3476697574215,Qwen/Qwen3-8B,vLLM,AMD Instinct MI300X,4,1,1,2,bfloat16,128
554198.1444999999,554198.1444999999,1862.8509058823527,2347.022,1856.8270000000002,2027.9637,1862.8509058823527,2347.022,1856.8270000000002,2027.9637,23.4547268907563,24.75,23.625,24.0625,302490.1169117647,302742.9375,302742.9375,302742.9375,302490.1169117647,302742.9375,302742.9375,302742.9375,23.4547268907563,24.75,23.625,24.0625,1330904,332.726,127.5,1244.0,6717,18,892768,223.192,199.5,493.1499999999992,1173,10,296.185763835907,4.584250367283821,4.123013973236084,10.140317642688752,24.84193754196167,0.20744824409484863,0.05321678692102432,0.03165936470031738,0.1439945101737973,0.5996029376983643,0.025449275970458984,7507.693723024312,3014.216444564202,4493.477278460109,249.22656961098573,620.7638989076668,416.4073024801187,Qwen/Qwen3-32B,vLLM,NVIDIA H100 80GB HBM3,1,1,1,4,fp8,16
132804.0,132804.0,3052.9655172413795,4157.0,3118.0,3731.2000000000003,3052.9655172413795,4157.0,3118.0,3731.2000000000003,8.37194683908046,11.4375,8.640625,10.521875,1395.0508710488505,1396.578125,1396.578125,1396.578125,1395.0508710488505,1396.578125,1396.578125,1396.578125,8.37194683908046,11.4375,8.640625,10.521875,665452,332.726,127.5,1244.0,6717,18,446384,223.192,199.5,493.14999999999986,1173,10,42.34960055351257,9.178435405611992,8.056541800498962,20.796744465827942,36.48401355743408,0.4846770763397217,0.10002299368381501,0.09679484367370605,0.16262708902359008,0.5017831325531006,0.05529141426086426,26253.754119713456,10540.45360914215,15713.300510571307,119.44567364251563,297.5106634646403,199.56961584006058,Qwen/Qwen3-8B,vLLM,AMD Instinct MI300X,4,1,1,2,fp8,256
142285.5,142285.5,3470.378048780488,4584.0,3531.0,4245.900000000001,3470.378048780488,4584.0,3531.0,4245.900000000001,8.236661585365853,11.453125,8.3515625,10.4203125,1409.4429544588415,1411.2734375,1411.2734375,1411.2734375,1409.4429544588415,1411.2734375,1411.2734375,1411.2734375,8.236661585365853,11.453125,8.3515625,10.4203125,665452,332.726,127.5,1244.0,6717,18,446384,223.192,199.5,493.14999999999986,1173,10,39.79538178443909,8.652179193377496,7.541441082954407,19.57436368465423,34.39255928993225,0.45877718925476074,0.09741529977321625,0.09104728698730469,0.1636876344680786,0.5724496841430664,0.04970121383666992,27938.81978623845,11216.97996058795,16721.8398256505,127.97346011462122,318.75134413419835,213.81782607911614,Qwen/Qwen3-8B,vLLM,AMD Instinct MI300X,4,1,1,2,bfloat16,256
115832.00026369095,115832.00026369095,3173.4794520547944,4113.0,3264.0,3879.999999999999,3173.4794520547944,4113.0,3264.0,3879.999999999999,7.569135273972603,11.3125,7.515625,10.490625,1395.6804901541095,1404.61328125,1401.7646484375,1401.7685546875,1395.6804901541095,1404.61328125,1401.7646484375,1401.7685546875,7.569135273972603,11.3125,7.515625,10.490625,665452,332.726,127.5,1244.0,6717,18,446384,223.192,199.5,493.14999999999986,1173,10,35.466129541397095,12.604336222887039,11.586400270462036,26.330126321315763,32.111276388168335,0.85884690284729,0.14158504772186278,0.13169074058532715,0.22434924840927123,0.6804478168487549,0.07601356506347656,31349.23416727029,12586.205649504765,18763.028517765524,104.18083266209311,259.48958803113675,174.06514709354084,Qwen/Qwen3-8B,vLLM,AMD Instinct MI300X,4,1,1,2,fp8,512
127911.50031375885,127911.50031375885,3553.097222222222,4539.0,3584.0,4256.55,3553.097222222222,4539.0,3584.0,4256.55,7.6796875,11.296875,7.40625,10.39375,1385.3393690321182,1415.43359375,1381.853515625,1405.54482421875,1385.3393690321182,1415.43359375,1381.853515625,1405.54482421875,7.6796875,11.296875,7.40625,10.39375,665452,332.726,127.5,1244.0,6717,18,446384,223.192,199.5,493.14999999999986,1173,10,34.579296827316284,12.447590928077698,11.420145034790039,26.103688001632687,31.757765769958496,0.8593430519104004,0.14383537817001343,0.132796049118042,0.23081634044647217,0.7552366256713867,0.0702676773071289,32153.22756712893,12908.99587198587,19244.231695143062,115.04529473209975,286.5503698917498,192.2174707022578,Qwen/Qwen3-8B,vLLM,AMD Instinct MI300X,4,1,1,2,bfloat16,512
812002.2371075153,812002.2371075153,1921.8987846153846,2588.449,1902.347,2103.848,1921.8987846153846,2588.449,1902.347,2103.848,23.9469674556213,25.0,24.0625,24.375,297414.75,297414.75,297414.75,297414.75,297414.75,297414.75,297414.75,297414.75,23.9469674556213,25.0,24.0625,24.375,1330904,332.726,127.5,1244.0,6717,18,892768,223.192,199.5,493.1499999999992,1173,10,421.4893057346344,6.518662422776222,5.866088151931763,14.360928046703325,35.17346119880676,0.2932767868041992,0.06242673373222351,0.039682626724243164,0.16967250108718848,0.8029530048370361,0.03093123435974121,5275.749514271193,2118.1272878180166,3157.6222264531766,365.16277450429527,909.5333133664237,610.1133042710183,Qwen/Qwen3-32B,vLLM,NVIDIA H100 80GB HBM3,1,1,1,4,bfloat16,16
902500.0005297661,902500.0005297661,4467.821782178218,5290.0,4506.0,4778.099999999999,4467.821782178218,5290.0,4506.0,4778.099999999999,11.604811262376238,12.46875,11.734375,11.903906249999999,1298.8601871905942,1301.265625,1301.265625,1301.265625,1298.8601871905942,1301.265625,1301.265625,1301.265625,11.604811262376238,12.46875,11.734375,11.903906249999999,2661808,332.726,127.5,1244.0,6717,18,1785536,223.192,199.5,493.1499999999978,1173,10,200.683664560318,3.107926416426897,2.7910152673721313,6.808662080764769,17.13681721687317,0.17239689826965332,0.051860797196626666,0.0403134822845459,0.09350532293319665,0.4707069396972656,0.03708004951477051,22160.966662352803,8897.266271831182,13263.700390521622,202.93010851640128,505.4504644710418,339.05525888034225,Qwen/Qwen3-14B,vLLM,AMD Instinct MI300X,1,1,1,8,fp8,16
354085.4035,354085.4035,1972.6206323119777,2537.476,1980.5049999999999,2172.5535999999997,1972.6206323119777,2537.476,1980.5049999999999,2172.5535999999997,23.06841922005571,24.75,23.25,24.1875,302411.7947423398,302830.9375,302830.9375,302830.9375,302411.7947423398,302830.9375,302830.9375,302830.9375,23.06841922005571,24.75,23.25,24.1875,1330904,332.726,127.5,1244.0,6717,18,892768,223.192,199.5,493.1499999999992,1173,10,178.16605162620544,5.369176695644856,4.782693028450012,11.954699575901023,29.632966995239258,0.20723509788513184,0.061060280799865724,0.04947710037231445,0.17494801282882685,0.6237835884094238,0.02608942985534668,12480.896218463049,5010.876044292872,7470.020174170178,159.23454695656554,396.61524998655864,266.04879352680587,Qwen/Qwen3-32B,vLLM,NVIDIA H100 80GB HBM3,1,1,1,4,fp8,32
1121526.501423359,1121526.501423359,5168.324884792627,5770.0,5260.0,5441.35,5168.324884792627,5770.0,5260.0,5441.35,11.555299539170507,12.421875,11.859375,11.984375,1378.540313580069,1396.5546875,1396.5546875,1396.5546875,1378.540313580069,1396.5546875,1396.5546875,1396.5546875,11.555299539170507,12.421875,11.859375,11.984375,2661808,332.726,127.5,1244.0,6717,18,1785536,223.192,199.5,493.1499999999978,1173,10,215.86805963516235,3.2882008651196957,2.9365248680114746,7.232133829593654,18.47967028617859,0.1648111343383789,0.054031675934791565,0.03613114356994629,0.12022329568862894,0.6020891666412354,0.03094649314880371,20602.140064243114,8271.422845129226,12330.717219113887,252.17894127896537,628.117552053478,421.34011973191116,Qwen/Qwen3-14B,vLLM,AMD Instinct MI300X,1,1,1,8,bfloat16,16
512358.5265,512358.5265,2070.1354606060604,2776.108,2069.541,2287.4599999999996,2070.1354606060604,2776.108,2069.541,2287.4599999999996,23.554924242424242,25.0,23.6875,24.5,297490.5035353535,297494.75,297486.75,297494.75,297490.5035353535,297494.75,297486.75,297494.75,23.554924242424242,25.0,23.6875,24.5,1330904,332.726,127.5,1244.0,6717,18,892768,223.192,199.5,493.1499999999992,1173,10,246.10188245773315,7.395415271818638,6.65124773979187,16.38214144706726,40.20844578742981,0.30060791969299316,0.07256698906421662,0.048757195472717285,0.22223482131957512,0.8415806293487549,0.032423973083496094,9035.57493259689,3627.6358030431916,5407.939129553698,230.41101677765425,573.8988477409584,384.9703107812434,Qwen/Qwen3-32B,vLLM,NVIDIA H100 80GB HBM3,1,1,1,4,bfloat16,32
605707.0016505718,605707.0016505718,4606.136882129277,5481.0,4673.0,5018.7,4606.136882129277,5481.0,4673.0,5018.7,11.373039448669202,12.421875,11.53125,11.7796875,1298.798902388308,1301.765625,1301.765625,1301.765625,1298.798902388308,1301.765625,1301.765625,1301.765625,11.373039448669202,12.421875,11.53125,11.7796875,2661808,332.726,127.5,1244.0,6717,18,1785536,223.192,199.5,493.1499999999978,1173,10,130.13706588745117,3.9533921004533767,3.535922050476074,8.707401299476622,21.352248907089233,0.15929794311523438,0.059259846836328504,0.04152858257293701,0.13537620306014989,0.5085256099700928,0.03730297088623047,34174.30667943811,13720.426135504069,20453.880543934043,136.1952216088011,339.22978962651655,227.55473033763963,Qwen/Qwen3-14B,vLLM,AMD Instinct MI300X,1,1,1,8,fp8,32
255802.16548915816,255802.16548915816,2105.367613168724,2753.921,2122.589,2374.0622,2105.367613168724,2753.921,2122.589,2374.0622,22.613683127572017,24.8125,22.875,24.25,302670.5128600823,302670.875,302670.875,302670.875,302670.5128600823,302670.875,302670.875,302670.875,22.613683127572017,24.8125,22.875,24.25,1330904,332.726,127.5,1244.0,6717,18,892768,223.192,199.5,493.1499999999992,1173,10,120.43388533592224,6.981360412597656,6.1767038106918335,15.490832710266112,37.600834131240845,0.33152222633361816,0.07911572098731995,0.058347463607788086,0.19421696662902832,0.6527209281921387,0.028742551803588867,18463.840087842265,7412.930318654354,11050.909769187912,115.03592503262988,286.52703220675266,192.2018158253023,Qwen/Qwen3-32B,vLLM,NVIDIA H100 80GB HBM3,1,1,1,4,fp8,64
731589.1182534695,731589.1182534695,5152.031690140845,5910.0,5246.5,5467.85,5152.031690140845,5910.0,5246.5,5467.85,11.331426056338028,12.453125,11.640625,11.948437499999999,1382.538739271567,1397.0390625,1397.0390625,1397.0390625,1382.538739271567,1397.0390625,1397.0390625,1397.0390625,11.331426056338028,12.453125,11.640625,11.948437499999999,2661808,332.726,127.5,1244.0,6717,18,1785536,223.192,199.5,493.1499999999978,1173,10,140.78939127922058,4.204175030827522,3.7357094287872314,9.326107561588286,23.290215730667114,0.16040825843811035,0.06374014848470688,0.0428466796875,0.16776776313781738,0.6540029048919678,0.0315403938293457,31588.63007781463,12682.319198744424,18906.310879070206,164.50023165589832,409.73081374638735,274.84669001425704,Qwen/Qwen3-14B,vLLM,AMD Instinct MI300X,1,1,1,8,bfloat16,32
366262.2081873877,366262.2081873877,2267.877436532508,2765.728,2318.038,2532.2597,2267.877436532508,2765.728,2318.038,2532.2597,23.00077399380805,24.8125,23.125,24.5,297326.80011609907,297334.8125,297326.8125,297334.8125,297326.80011609907,297334.8125,297326.8125,297334.8125,23.00077399380805,24.8125,23.125,24.5,1330904,332.726,127.5,1244.0,6717,18,892768,223.192,199.5,493.1499999999992,1173,10,160.44660782814026,9.102991130173207,8.183626413345337,20.27880812883377,49.28923845291138,0.4660227298736572,0.09899909108877182,0.06577944755554199,0.26865077018737793,0.8776144981384277,0.03658246994018555,13859.264649470493,5564.268463414781,8294.996186055712,164.71053653029207,410.2546329924321,275.1980670186487,Qwen/Qwen3-32B,vLLM,NVIDIA H100 80GB HBM3,1,1,1,4,bfloat16,64
446366.00029730797,446366.00029730797,4723.449735449735,5660.0,4823.0,5165.2,4723.449735449735,5660.0,4823.0,5165.2,11.01397156084656,12.453125,11.1875,11.76875,1298.7410145916006,1300.765625,1300.765625,1300.765625,1298.7410145916006,1300.765625,1300.765625,1300.765625,11.01397156084656,12.453125,11.1875,11.76875,2661808,332.726,127.5,1244.0,6717,18,1785536,223.192,199.5,493.1499999999978,1173,10,93.49363875389099,5.515667245686054,4.864332675933838,12.282615935802452,29.789844036102295,0.25921630859375,0.0746979827284813,0.05185103416442871,0.19167208671569824,0.5021474361419678,0.04040932655334473,47568.41277412482,19097.941034257692,28470.47173986713,100.36687072043628,249.9899191600214,167.69278636825345,Qwen/Qwen3-14B,vLLM,AMD Instinct MI300X,1,1,1,8,fp8,64
216763.5,216763.5,2281.721052631579,2748.394,2349.2945,2566.17615,2281.721052631579,2748.394,2349.2945,2566.17615,22.39967105263158,24.625,22.59375,24.25,304791.6125,304870.8125,304870.8125,304870.8125,304791.6125,304870.8125,304870.8125,304870.8125,22.39967105263158,24.625,22.59375,24.25,1330904,332.726,127.5,1244.0,6717,18,892768,223.192,199.5,493.1499999999992,1173,10,94.0873670578003,10.436453611433507,9.233142375946045,23.12218517065048,52.186647176742554,0.4724605083465576,0.11401815158128738,0.0866098403930664,0.3028467178344726,0.6917078495025635,0.03893613815307617,23634.11868709155,9488.712756214652,14145.4059308769,97.47997906166017,242.79936108821104,162.86937299760163,Qwen/Qwen3-32B,vLLM,NVIDIA H100 80GB HBM3,1,1,1,4,fp8,128
543679.5003128052,543679.5003128052,5252.942028985507,5891.0,5388.0,5618.6,5252.942028985507,5891.0,5388.0,5618.6,11.008152173913043,12.46875,11.34375,12.0,1383.0159741092996,1396.6640625,1396.6640625,1396.6640625,1383.0159741092996,1396.6640625,1396.6640625,1396.6640625,11.008152173913043,12.46875,11.34375,12.0,2661808,332.726,127.5,1244.0,6717,18,1785536,223.192,199.5,493.1499999999978,1173,10,102.20649123191833,5.93262527090311,5.257554411888123,13.242388844490051,32.50352382659912,0.28041839599609375,0.08399804028868675,0.061191558837890625,0.2607271671295166,0.7664966583251953,0.03473520278930664,43513.322357466146,17469.88844327326,26043.433914192887,122.24813288848472,304.4909205486785,204.2519596878532,Qwen/Qwen3-14B,vLLM,AMD Instinct MI300X,1,1,1,8,bfloat16,64
365192.12634957477,365192.12634957477,2311.3425664556958,2774.7690000000002,2370.8025,2632.04925,2311.3425664556958,2774.7690000000002,2370.8025,2632.04925,23.130142405063292,24.8125,23.3125,24.5,297722.83623417723,297758.9375,297750.9375,297758.9375,297722.83623417723,297758.9375,297750.9375,297758.9375,23.130142405063292,24.8125,23.3125,24.5,1330904,332.726,127.5,1244.0,6717,18,892768,223.192,199.5,493.1499999999992,1173,10,156.57312083244324,9.832852210998535,8.70656418800354,21.541905331611634,51.420717000961304,0.44317126274108887,0.17417087668180467,0.14847981929779053,0.4404330253601074,0.9151022434234619,0.039010047912597656,14202.131171541654,5701.92377371973,8500.207397821923,164.22931365308136,409.0560216647267,274.3940407043444,Qwen/Qwen3-32B,vLLM,NVIDIA H100 80GB HBM3,1,1,1,4,bfloat16,128
350831.5004224777,350831.5004224777,4740.966216216216,5696.0,4845.0,5178.85,4740.966216216216,5696.0,4845.0,5178.85,10.419552364864865,12.40625,10.65625,11.99765625,1294.3000356313344,1300.375,1300.375,1300.375,1294.3000356313344,1300.375,1300.375,1300.375,10.419552364864865,12.40625,10.65625,11.99765625,2661808,332.726,127.5,1244.0,6717,18,1785536,223.192,199.5,493.1499999999978,1173,10,72.72838354110718,8.186926710605622,7.199465870857239,18.14652255773544,40.98678731918335,0.39589619636535645,0.10039440333843232,0.0854182243347168,0.20484681129455562,0.5243279933929443,0.04588603973388672,61150.04601314003,24550.74501952581,36599.30099361422,78.88562261486355,196.48525732467883,131.8019558219367,Qwen/Qwen3-14B,vLLM,AMD Instinct MI300X,1,1,1,8,fp8,128
205454.442,205454.442,1538.984584269663,1934.785,1533.578,1711.0067999999999,1538.984584269663,1934.785,1533.578,1711.0067999999999,21.470739700374533,24.5,21.6875,23.16875,299730.875,299730.875,299730.875,299730.875,299730.875,299730.875,299730.875,299730.875,21.470739700374533,24.5,21.6875,23.16875,665452,332.726,127.5,1244.0,6717,18,446384,223.192,199.5,493.14999999999986,1173,10,132.6474552154541,4.024992569684982,3.582697629928589,8.923786282539368,21.740930557250977,0.16182684898376465,0.05181262063980103,0.03868913650512695,0.13056244850158688,0.4538424015045166,0.0302731990814209,8381.887147356789,3365.190830649226,5016.696316707563,184.78844182055627,460.26390282805835,308.74419492314996,Qwen/Qwen3-32B,vLLM,NVIDIA H100 80GB HBM3,2,1,1,2,fp8,32
437047.0054619312,437047.0054619312,5202.940476190476,5905.0,5298.0,5604.4,5202.940476190476,5905.0,5298.0,5604.4,10.673921130952381,12.453125,10.875,12.20703125,1387.3751627604167,1396.6640625,1396.6640625,1396.6640625,1387.3751627604167,1396.6640625,1396.6640625,1396.6640625,10.673921130952381,12.453125,10.875,12.20703125,2661808,332.726,127.5,1244.0,6717,18,1785536,223.192,199.5,493.1499999999978,1173,10,83.0515866279602,9.24362940660119,8.162955164909363,20.512974381446835,46.43297791481018,0.4523782730102539,0.12064510402083396,0.09111428260803223,0.2748432159423828,0.6861569881439209,0.04063057899475098,53549.17564576369,21499.11967363764,32050.05597212605,98.27146392586928,244.77076097145687,164.19178447954593,Qwen/Qwen3-14B,vLLM,AMD Instinct MI300X,1,1,1,8,bfloat16,128
288648.5728038242,288648.5728038242,1776.2989076923077,2358.943,1777.809,1941.8148,1776.2989076923077,2358.943,1777.809,1941.8148,21.944423076923076,24.5,22.25,23.375,296642.3148076923,296870.875,296866.875,296870.875,296642.3148076923,296870.875,296866.875,296870.875,21.944423076923076,24.5,22.25,23.375,665452,332.726,127.5,1244.0,6717,18,446384,223.192,199.5,493.14999999999986,1173,10,161.0863447189331,4.853908130049706,4.330319166183472,10.80066409111023,26.250595569610596,0.2007732391357422,0.054284234762191776,0.03900957107543945,0.1412928342819213,0.5428822040557861,0.027971982955932617,6902.1120439473325,2771.085288320747,4131.026755626585,259.61434312598635,646.6373633549235,433.7631757118833,Qwen/Qwen3-32B,vLLM,NVIDIA H100 80GB HBM3,2,1,1,2,bfloat16,32
441057.00051021576,441057.00051021576,3542.626506024096,4590.0,3562.0,3878.2,3542.626506024096,4590.0,3562.0,3878.2,10.833019578313253,12.046875,10.984375,11.384375,1346.3948371611446,1348.234375,1348.234375,1348.234375,1346.3948371611446,1348.234375,1348.234375,1348.234375,10.833019578313253,12.046875,10.984375,11.384375,1330904,332.726,127.5,1244.0,6717,18,892768,223.192,199.5,493.1499999999992,1173,10,123.10648655891418,3.7614287438988687,3.3374186754226685,8.332067024707793,20.092522621154785,0.15070557594299316,0.06290992867946625,0.045748114585876465,0.14152352809906002,0.4707794189453125,0.042423248291015625,18062.9962088621,7251.998046201687,10810.998162660413,198.34624913666033,494.03316484261956,331.3965549057,Qwen/Qwen3-14B,vLLM,AMD Instinct MI300X,2,1,1,4,fp8,32
149983.60404659892,149983.60404659892,1612.726919354839,2342.648,1600.346,1848.9515000000001,1612.726919354839,2342.648,1600.346,1848.9515000000001,20.970094086021504,24.3125,21.0,23.0,299276.7567204301,299282.875,299282.875,299282.875,299276.7567204301,299282.875,299282.875,299282.875,20.970094086021504,24.3125,21.0,23.0,665452,332.726,127.5,1244.0,6717,18,446384,223.192,199.5,493.14999999999986,1173,10,91.65398669242859,5.3647848417758945,4.72933554649353,11.941083180904387,29.06951642036438,0.25507044792175293,0.06604595816135407,0.053093910217285156,0.15221333503723145,0.46349239349365234,0.03362536430358887,12130.79801679644,4870.317332708836,7260.480684087604,134.8972366847259,335.9968189867892,225.38605947025317,Qwen/Qwen3-32B,vLLM,NVIDIA H100 80GB HBM3,2,1,1,2,fp8,64
534545.1778211594,534545.1778211594,4473.179916317991,5006.0,4525.0,4744.0,4473.179916317991,5006.0,4525.0,4744.0,10.876830543933055,12.234375,11.015625,11.46875,1395.6938537853034,1396.62109375,1396.62109375,1396.62109375,1395.6938537853034,1396.62109375,1396.62109375,1396.62109375,10.876830543933055,12.234375,11.015625,11.46875,1330904,332.726,127.5,1244.0,6717,18,892768,223.192,199.5,493.1499999999992,1173,10,118.16102409362793,3.6125237872600557,3.1955424547195435,7.987228465080259,19.413331031799316,0.14017581939697266,0.06175880950689316,0.041924118995666504,0.15175700187683105,0.5246589183807373,0.03601646423339844,18818.997355998,7555.5201628296,11263.4771931684,240.38850056175522,598.7503783974777,401.640672671477,Qwen/Qwen3-14B,vLLM,AMD Instinct MI300X,2,1,1,4,bfloat16,32
206307.59250000003,206307.59250000003,1910.2554861111112,2658.691,1916.8954999999999,2178.444,1910.2554861111112,2658.691,1916.8954999999999,2178.444,21.427372685185187,24.8125,21.625,23.5,296373.68055555556,296382.875,296378.875,296382.875,296373.68055555556,296382.875,296378.875,296382.875,21.427372685185187,24.8125,21.625,23.5,665452,332.726,127.5,1244.0,6717,18,446384,223.192,199.5,493.14999999999986,1173,10,106.81501364707947,6.185086964249611,5.525301456451416,13.675960862636565,33.30071711540222,0.2931814193725586,0.06923476016521454,0.05338287353515625,0.17278671264648438,0.5444772243499756,0.02964162826538086,10408.986171864799,4179.037990622445,6229.948181242355,185.5557766613062,462.1751507670526,310.02625658950615,Qwen/Qwen3-32B,vLLM,NVIDIA H100 80GB HBM3,2,1,1,2,bfloat16,64
333537.0000476837,333537.0000476837,3685.491712707182,4729.0,3693.0,4104.0,3685.491712707182,4729.0,3693.0,4104.0,10.597462016574585,12.046875,10.75,11.296875,1347.7970692334254,1347.923828125,1347.923828125,1347.923828125,1347.7970692334254,1347.923828125,1347.923828125,1347.923828125,10.597462016574585,12.046875,10.75,11.296875,1330904,332.726,127.5,1244.0,6717,18,892768,223.192,199.5,493.1499999999992,1173,10,89.46723008155823,5.323361121058464,4.715958595275879,11.807262015342708,29.009576320648193,0.25368428230285645,0.07797993850708008,0.053957462310791016,0.1991269588470459,0.4545588493347168,0.04504799842834473,24854.597576932953,9978.715102570557,14875.882474362394,149.99379407020626,373.5987401516225,250.60936029021155,Qwen/Qwen3-14B,vLLM,AMD Instinct MI300X,2,1,1,4,fp8,64
126355.10949999999,126355.10949999999,1754.932076388889,2343.303,1772.3999999999999,2015.5282000000002,1754.932076388889,2343.303,1772.3999999999999,2015.5282000000002,20.66796875,24.5625,20.84375,23.693749999999998,303398.55555555556,303578.875,303578.875,303578.875,303398.55555555556,303578.875,303578.875,303578.875,20.66796875,24.5625,20.84375,23.693749999999998,665452,332.726,127.5,1244.0,6717,18,446384,223.192,199.5,493.14999999999986,1173,10,70.69811296463013,7.895894237875939,6.918458342552185,17.533295154571533,39.416815519332886,0.3700268268585205,0.09050271832942963,0.07395482063293457,0.2272801399230957,0.501150369644165,0.03609442710876465,15726.5300780552,6313.94504437938,9412.58503367582,113.64545625433965,283.063706360443,189.87862310129051,Qwen/Qwen3-32B,vLLM,NVIDIA H100 80GB HBM3,2,1,1,2,fp8,128
394637.4012286663,394637.4012286663,4434.123595505618,5030.0,4481.0,4754.15,4434.123595505618,5030.0,4481.0,4754.15,10.6108672752809,12.21875,10.75,11.453125,1394.823549420646,1396.921875,1396.921875,1396.921875,1394.823549420646,1396.921875,1396.921875,1396.921875,10.6108672752809,12.21875,10.75,11.453125,1330904,332.726,127.5,1244.0,6717,18,892768,223.192,199.5,493.1499999999992,1173,10,87.8385968208313,5.231309014797211,4.63280987739563,11.635477554798122,28.54346776008606,0.24884772300720215,0.07923475182056428,0.05658078193664551,0.23138213157653809,0.5325536727905273,0.03833436965942383,25315.431717741725,10163.732485629555,15151.699232112169,177.471048440897,442.0380224522679,296.5183072773591,Qwen/Qwen3-14B,vLLM,AMD Instinct MI300X,2,1,1,4,bfloat16,64
166843.973,166843.973,2047.1653128834355,2673.572,2111.792,2351.1509,2047.1653128834355,2673.572,2111.792,2351.1509,20.812883435582823,24.8125,20.8125,23.68125,299906.3596625767,300086.875,300086.875,300086.875,299906.3596625767,300086.875,300086.875,300086.875,20.812883435582823,24.8125,20.8125,23.68125,665452,332.726,127.5,1244.0,6717,18,446384,223.192,199.5,493.14999999999986,1173,10,80.17616152763367,8.814747272372246,7.827055811882019,19.528299593925475,43.802252769470215,0.4132113456726074,0.09775231039524078,0.07464134693145752,0.2763845920562744,0.5826256275177002,0.03518319129943848,13867.413690249969,5567.54017023063,8299.87352001934,150.06167546292798,373.7678164987992,250.72277639859826,Qwen/Qwen3-32B,vLLM,NVIDIA H100 80GB HBM3,2,1,1,2,bfloat16,128
114316.57076906705,114316.57076906705,1829.062928,2365.86,1869.954,2277.5562,1829.062928,2365.86,1869.954,2277.5562,20.4055,24.5625,20.9375,23.3125,306277.355,310444.875,306866.875,306866.875,306277.355,310444.875,306866.875,306866.875,20.4055,24.5625,20.9375,23.3125,665452,332.726,127.5,1244.0,6717,18,446384,223.192,199.5,493.14999999999986,1173,10,61.394927978515625,12.837089694142342,11.241021156311035,29.057902228832244,50.845428228378296,0.6868851184844971,0.13600741732120514,0.11420643329620361,0.2771253943443298,0.6875503063201904,0.05297112464904785,18109.574139236272,7270.698324724909,10838.875814511362,102.81783533638689,256.0946870162619,171.7878536229015,Qwen/Qwen3-32B,vLLM,NVIDIA H100 80GB HBM3,2,1,1,2,fp8,256
275452.5001709461,275452.5001709461,3852.4825174825173,4529.0,3890.0,4300.0,3852.4825174825173,4529.0,3890.0,4300.0,10.185423951048952,12.203125,10.3125,11.315625,1345.3358692089162,1348.0078125,1348.0078125,1348.0078125,1345.3358692089162,1348.0078125,1348.0078125,1348.0078125,10.185423951048952,12.203125,10.3125,11.315625,1330904,332.726,127.5,1244.0,6717,18,892768,223.192,199.5,493.1499999999992,1173,10,70.28903007507324,8.049104936778546,7.031378388404846,17.89060145616531,39.90371084213257,0.39486265182495117,0.10409494757652282,0.09122204780578613,0.20990456342697136,0.47748708724975586,0.050412654876708984,31636.11729490326,12701.384541036716,18934.732753866545,123.87281045538467,308.53760458590153,206.96646803296565,Qwen/Qwen3-14B,vLLM,AMD Instinct MI300X,2,1,1,4,fp8,128
147041.79962749648,147041.79962749648,2131.0405724637685,2676.294,2222.4735,2601.0367,2131.0405724637685,2676.294,2222.4735,2601.0367,20.41394927536232,24.4375,20.9375,23.95625,301748.71557971014,308686.875,302098.875,302098.875,301748.71557971014,308686.875,302098.875,302098.875,20.41394927536232,24.4375,20.9375,23.95625,665452,332.726,127.5,1244.0,6717,18,446384,223.192,199.5,493.14999999999986,1173,10,68.00860667228699,13.82794739794731,12.272955417633057,31.330283045768738,54.623727798461914,0.742854118347168,0.14789076483249664,0.12009584903717041,0.3099577784538269,0.8058505058288574,0.04976654052734375,16348.460208243981,6563.639836807571,9784.820371436412,132.2513388912542,329.40651911246033,220.9652982145917,Qwen/Qwen3-32B,vLLM,NVIDIA H100 80GB HBM3,2,1,1,2,bfloat16,256
324225.00040626526,324225.00040626526,4472.068965517241,4939.0,4532.0,4769.4,4472.068965517241,4939.0,4532.0,4769.4,10.30301724137931,12.21875,10.375,11.56875,1395.5232556573276,1398.05078125,1398.05078125,1398.05078125,1395.5232556573276,1398.05078125,1398.05078125,1398.05078125,10.30301724137931,12.21875,10.375,11.56875,1330904,332.726,127.5,1244.0,6717,18,892768,223.192,199.5,493.1499999999992,1173,10,71.58616495132446,8.15867100906372,7.127124667167664,18.138937819004056,40.4782874584198,0.4014406204223633,0.10960373020172119,0.08585476875305176,0.24257779121398926,0.561063289642334,0.04342079162597656,31062.873692311943,12471.236594487833,18591.63709782411,145.8061262660434,363.16825917401303,243.61261248464598,Qwen/Qwen3-14B,vLLM,AMD Instinct MI300X,2,1,1,4,bfloat16,128
96016.85949999999,96016.85949999999,1333.5674930555556,1874.518,1321.4,1545.9502499999996,1333.5674930555556,1874.518,1321.4,1545.9502499999996,19.71267361111111,23.9375,19.8125,22.25,297623.25,297629.0,297629.0,297629.0,297623.25,297629.0,297629.0,297629.0,19.71267361111111,23.9375,19.8125,22.25,332726,332.726,127.5,1244.0,6717,18,223192,223.192,199.5,493.14999999999986,1173,10,70.58253645896912,4.163480533599854,3.6648945808410645,9.222954273223877,22.479668855667114,0.20196747779846191,0.0514717435836792,0.03640294075012207,0.09867458343505858,0.2998330593109131,0.03250694274902344,7876.140868402555,3162.1419574478664,4713.998910954689,172.71766609463984,430.1984815764005,288.57636463636743,Qwen/Qwen3-32B,vLLM,NVIDIA H100 80GB HBM3,4,1,1,1,fp8,64
237356.50010228157,237356.50010228157,3989.18487394958,4710.0,4036.0,4510.2,3989.18487394958,4710.0,4036.0,4510.2,9.682379201680673,12.15625,9.71875,11.4875,1378.7175764837184,1383.546875,1383.546875,1383.546875,1378.7175764837184,1383.546875,1383.546875,1383.546875,9.682379201680673,12.15625,9.71875,11.4875,1330904,332.726,127.5,1244.0,6717,18,892768,223.192,199.5,493.1499999999992,1173,10,58.19184494018555,12.43897862803936,10.696804404258728,28.232354497909544,49.248984575271606,0.687767505645752,0.15294656789302827,0.13355731964111328,0.2995591521263121,0.8628907203674316,0.05942177772521973,38212.777104518274,15341.80607124008,22870.971033278194,106.74078735635543,265.86582415843935,178.34231477422983,Qwen/Qwen3-14B,vLLM,AMD Instinct MI300X,2,1,1,4,fp8,256
123906.293,123906.293,1578.4241146496815,2254.912,1577.328,1830.8288,1578.4241146496815,2254.912,1577.328,1830.8288,19.42595541401274,23.9375,19.5625,22.575,296034.5796178344,296043.0,296043.0,296043.0,296034.5796178344,296043.0,296043.0,296043.0,19.42595541401274,23.9375,19.5625,22.575,332726,332.726,127.5,1244.0,6717,18,223192,223.192,199.5,493.14999999999986,1173,10,77.46909475326538,4.537465575933457,4.02054500579834,10.00554903745651,24.24785566329956,0.222672700881958,0.054265546083450314,0.03931713104248047,0.10745882987976074,0.3121531009674072,0.0311887264251709,7175.99710917711,2881.0456700294963,4294.951439147614,222.8859166279919,555.1556193770386,372.3973870391854,Qwen/Qwen3-32B,vLLM,NVIDIA H100 80GB HBM3,4,1,1,1,bfloat16,64
282205.5,282205.5,4409.4609375,4897.0,4498.0,4769.45,4409.4609375,4897.0,4498.0,4769.45,9.781005859375,12.203125,9.9765625,11.608593749999999,1424.261375427246,1433.86328125,1433.86328125,1433.86328125,1424.261375427246,1433.86328125,1433.86328125,1433.86328125,9.781005859375,12.203125,9.9765625,11.608593749999999,1330904,332.726,127.5,1244.0,6717,18,892768,223.192,199.5,493.1499999999992,1173,10,62.86374092102051,13.359343337237835,11.497146010398865,30.39356101751325,53.12508511543274,0.7152771949768066,0.169861031293869,0.14646434783935547,0.3401805520057675,0.8446691036224365,0.054357051849365234,35372.88693642544,14201.636538328796,21171.25039809665,126.90967912533863,316.1017195956844,212.04046272308145,Qwen/Qwen3-14B,vLLM,AMD Instinct MI300X,2,1,1,4,bfloat16,256
78863.92822729898,78863.92822729898,1447.0445504587158,2197.7389999999996,1453.3360000000002,1667.309,1447.0445504587158,2197.7389999999996,1453.3360000000002,1667.309,18.563646788990827,24.1875,18.4375,22.2875,299686.376146789,299799.0,299799.0,299799.0,299686.376146789,299799.0,299799.0,299799.0,18.563646788990827,24.1875,18.4375,22.2875,332726,332.726,127.5,1244.0,6717,18,223192,223.192,199.5,493.14999999999986,1173,10,53.25023889541626,6.004152943849563,5.310341000556946,13.338177168369292,29.875059366226196,0.28925395011901855,0.06661531686782837,0.06440591812133789,0.13727855682373047,0.31827354431152344,0.03656625747680664,10439.727812147956,4191.380257248239,6248.347554899717,141.86251970128504,353.34567649064024,237.0236417571785,Qwen/Qwen3-32B,vLLM,NVIDIA H100 80GB HBM3,4,1,1,1,fp8,128
99531.332,99531.332,1686.9717288135591,2591.2369999999996,1698.3249999999998,1977.9911999999997,1686.9717288135591,2591.2369999999996,1698.3249999999998,1977.9911999999997,18.44862288135593,23.625,18.28125,22.6875,298017.0847457627,298125.0,298125.0,298125.0,298017.0847457627,298125.0,298125.0,298125.0,18.44862288135593,23.625,18.28125,22.6875,332726,332.726,127.5,1244.0,6717,18,223192,223.192,199.5,493.14999999999986,1173,10,57.71406698226929,6.4287493114471435,5.688483834266663,14.183137667179107,31.744776248931885,0.3103818893432617,0.07134891271591187,0.06691110134124756,0.15368927717208852,0.3744320869445801,0.03515028953552246,9632.279079739557,3867.2027751668975,5765.07630457266,179.03959217006826,445.94489049786733,299.1390273077547,Qwen/Qwen3-32B,vLLM,NVIDIA H100 80GB HBM3,4,1,1,1,bfloat16,128
259026.00191402435,259026.00191402435,3047.364705882353,4522.0,3042.5,3536.0,3047.364705882353,4522.0,3042.5,3536.0,10.009099264705883,11.78125,10.3046875,10.77578125,1368.81708984375,1368.9423828125,1368.9423828125,1368.9423828125,1368.81708984375,1368.9423828125,1368.9423828125,1368.9423828125,10.009099264705883,11.78125,10.3046875,10.77578125,665452,332.726,127.5,1244.0,6717,18,446384,223.192,199.5,493.14999999999986,1173,10,84.07444214820862,5.026064210295678,4.388926267623901,11.219177031517027,27.129457235336304,0.23081541061401367,0.07400298368930816,0.050957441329956055,0.13718798160552975,1.804213047027588,0.045949697494506836,13224.423161084156,5309.389971486253,7915.0331895979025,232.97141117397203,580.276179061132,389.24821311533265,Qwen/Qwen3-14B,vLLM,AMD Instinct MI300X,4,1,1,2,fp8,64
69312.692,69312.692,1557.5885842696628,2204.066,1583.894,2045.1821999999993,1557.5885842696628,2204.066,1583.894,2045.1821999999993,18.370786516853933,23.375,18.5,22.1375,303044.34831460676,303821.0,303819.0,303821.0,303044.34831460676,303821.0,303819.0,303821.0,18.370786516853933,23.375,18.5,22.1375,332726,332.726,127.5,1244.0,6717,18,223192,223.192,199.5,493.14999999999986,1173,10,43.452876329422,9.076402127981186,8.026021957397461,20.200538432598105,36.055893659591675,0.49556946754455566,0.09542442750930787,0.08587384223937988,0.17083197832107522,0.4264557361602783,0.04428529739379883,12793.583462358445,5136.414867175926,7657.16859518252,124.68150338719019,310.55186565826733,208.31763072317764,Qwen/Qwen3-32B,vLLM,NVIDIA H100 80GB HBM3,4,1,1,1,fp8,256
282671.5001153946,282671.5001153946,3768.9533333333334,4694.0,3844.5,4143.2,3768.9533333333334,4694.0,3844.5,4143.2,9.990625,11.75,10.171875,10.9265625,1388.05177734375,1393.064453125,1393.064453125,1393.064453125,1388.05177734375,1393.064453125,1393.064453125,1393.064453125,9.990625,11.75,10.171875,10.9265625,665452,332.726,127.5,1244.0,6717,18,446384,223.192,199.5,493.14999999999986,1173,10,74.11517286300659,4.4169675197601315,3.890444755554199,9.870191061496735,24.352149486541748,0.21115875244140625,0.06539751636981964,0.04562246799468994,0.15117526054382324,0.5120320320129395,0.03876471519470215,15001.46268369503,6022.842324406228,8978.620359288803,254.23848491629573,633.2473836772702,424.78120152226546,Qwen/Qwen3-14B,vLLM,AMD Instinct MI300X,4,1,1,2,bfloat16,64
86689.1325,86689.1325,1806.0235937500001,2597.956,1825.7730000000001,2451.7085,1806.0235937500001,2597.956,1825.7730000000001,2451.7085,17.981770833333332,23.9375,18.03125,22.6875,300280.5416666667,300971.0,300969.0,300971.0,300280.5416666667,300971.0,300969.0,300971.0,17.981770833333332,23.9375,18.03125,22.6875,332726,332.726,127.5,1244.0,6717,18,223192,223.192,199.5,493.14999999999986,1173,10,46.70206832885742,9.621650092363357,8.508236527442932,21.607919454574578,38.12414193153381,0.528994083404541,0.10326486587524414,0.09020733833312988,0.19370123147964471,0.4698216915130615,0.04314827919006348,11903.498493588038,4779.060285475379,7124.4382081126605,155.93870408945205,388.4060920642317,260.54210521570303,Qwen/Qwen3-32B,vLLM,NVIDIA H100 80GB HBM3,4,1,1,1,bfloat16,256
211559.00010204315,211559.00010204315,3254.753846153846,4535.0,3275.5,3672.55,3254.753846153846,4535.0,3275.5,3672.55,9.429927884615385,11.75,9.734375,10.47734375,1353.6724909855768,1370.07421875,1370.07421875,1370.07421875,1353.6724909855768,1370.07421875,1370.07421875,1370.07421875,9.429927884615385,11.75,9.734375,10.47734375,665452,332.726,127.5,1244.0,6717,18,446384,223.192,199.5,493.14999999999986,1173,10,63.77836561203003,7.220388243675232,6.381018042564392,16.105157268047332,36.03317403793335,0.34897303581237793,0.08874881517887115,0.09069561958312988,0.14759016036987305,0.4938795566558838,0.05095934867858887,17432.807964434305,6998.98775574459,10433.820208689713,190.27896209696678,473.93947834609475,317.9177462867993,Qwen/Qwen3-14B,vLLM,AMD Instinct MI300X,4,1,1,2,fp8,128
66493.15667871523,66493.15667871523,1583.1703928571428,2192.3070000000002,1547.3055,2075.37235,1583.1703928571428,2192.3070000000002,1547.3055,2075.37235,17.790178571428573,23.6875,19.0625,22.3125,313722.6904761905,318413.0,318413.0,318413.0,313722.6904761905,318413.0,318413.0,318413.0,17.790178571428573,23.6875,19.0625,22.3125,332726,332.726,127.5,1244.0,6717,18,223192,223.192,199.5,493.14999999999986,1173,10,40.95853543281555,13.857496826171875,12.887115359306335,29.002753627300255,36.41694116592407,0.8823122978210449,0.14513975286483766,0.12752759456634521,0.22976769208908082,0.565039873123169,0.06413722038269043,13572.702102883402,5449.218279938323,8123.48382294508,119.60964868688409,297.91908616220667,199.84358504810334,Qwen/Qwen3-32B,vLLM,NVIDIA H100 80GB HBM3,4,1,1,1,fp8,512
231179.05681610107,231179.05681610107,3885.361344537815,4756.0,3955.0,4376.1,3885.361344537815,4756.0,3955.0,4376.1,9.5015756302521,11.96875,9.71875,10.6484375,1391.5897370667017,1394.8359375,1394.8359375,1394.8359375,1391.5897370667017,1394.8359375,1394.8359375,1394.8359375,9.5015756302521,11.96875,9.71875,10.6484375,665452,332.726,127.5,1244.0,6717,18,446384,223.192,199.5,493.14999999999986,1173,10,58.21004343032837,6.705213677644729,5.876698613166809,14.94092594385147,33.11143732070923,0.3260817527770996,0.08495590436458587,0.07700634002685547,0.1625990867614746,0.39954543113708496,0.04341888427734375,19100.41522870116,7668.504843743627,11431.910384957535,207.92550053794002,517.8927936845879,347.40155084979995,Qwen/Qwen3-14B,vLLM,AMD Instinct MI300X,4,1,1,2,bfloat16,128
83360.927,83360.927,1873.2792584269666,2603.063,1848.554,2470.3668,1873.2792584269666,2603.063,1848.554,2470.3668,18.048455056179776,24.0,18.875,22.7875,307598.23595505615,315119.0,310477.0,310477.0,307598.23595505615,315119.0,310477.0,310477.0,18.048455056179776,24.0,18.875,22.7875,332726,332.726,127.5,1244.0,6717,18,223192,223.192,199.5,493.14999999999986,1173,10,43.32474946975708,14.436306813001632,13.51317822933197,30.379822051525114,37.95223093032837,0.9495189189910889,0.15010213899612426,0.13231730461120605,0.24716500043869016,0.5119152069091797,0.06483244895935059,12831.41868801941,5151.605092507219,7679.813595512191,149.95184001957122,373.4942426251837,250.53926353816655,Qwen/Qwen3-32B,vLLM,NVIDIA H100 80GB HBM3,4,1,1,1,bfloat16,512
173027.5,173027.5,3460.55,4556.0,3522.0,4126.7,3460.55,4556.0,3522.0,4126.7,8.82390625,11.703125,8.96875,10.6953125,1383.21859375,1384.7451171875,1384.7451171875,1384.7451171875,1383.21859375,1384.7451171875,1384.7451171875,1384.7451171875,8.82390625,11.703125,8.96875,10.6953125,665452,332.726,127.5,1244.0,6717,18,446384,223.192,199.5,493.14999999999986,1173,10,48.9201283454895,10.40071792602539,9.041965007781982,23.664387631416314,41.66915154457092,0.5611851215362549,0.11875097870826722,0.11153614521026611,0.20636979341506959,0.5622496604919434,0.06064438819885254,22727.577330702417,9124.751203584223,13602.826127118195,155.62322141035187,387.62030001075306,260.0149973251264,Qwen/Qwen3-14B,vLLM,AMD Instinct MI300X,4,1,1,2,fp8,256
192489.0001666546,192489.0001666546,3928.3469387755104,4599.0,3990.5,4416.099999999999,3928.3469387755104,4599.0,3990.5,4416.099999999999,8.878348214285714,11.859375,8.9375,10.682031249999998,1409.3547313456634,1411.154296875,1411.154296875,1411.154296875,1409.3547313456634,1411.154296875,1411.154296875,1411.154296875,8.878348214285714,11.859375,8.9375,10.682031249999998,665452,332.726,127.5,1244.0,6717,18,446384,223.192,199.5,493.14999999999986,1173,10,47.71114683151245,10.268420778870583,8.922167897224426,23.285966289043426,40.80341839790344,0.5708825588226318,0.12268304204940796,0.1103658676147461,0.22646743059158325,0.5838217735290527,0.05302739143371582,23303.485114837986,9355.968775522506,13947.516339315482,173.12715199602692,431.21841321968213,289.2605329410004,Qwen/Qwen3-14B,vLLM,AMD Instinct MI300X,4,1,1,2,bfloat16,256
153875.5,153875.5,3578.5,4536.0,3677.0,4341.0,3578.5,4536.0,3677.0,4341.0,8.359738372093023,11.625,8.453125,10.77734375,1379.2152411882269,1399.0654296875,1382.216796875,1386.558837890625,1379.2152411882269,1399.0654296875,1382.216796875,1386.558837890625,8.359738372093023,11.625,8.453125,10.77734375,665452,332.726,127.5,1244.0,6717,18,446384,223.192,199.5,493.14999999999986,1173,10,41.68208932876587,14.596452515363692,13.486849069595337,30.524974083900446,37.471482276916504,1.0568013191223145,0.17280914294719696,0.16233134269714355,0.27402979135513306,0.6992983818054199,0.08055710792541504,26674.190711277366,10709.252035788404,15964.938675488962,138.39765936702895,344.7155363991541,231.23455936716698,Qwen/Qwen3-14B,vLLM,AMD Instinct MI300X,4,1,1,2,fp8,512
171512.00117731094,171512.00117731094,3898.0,4588.0,3997.0,4463.3,3898.0,4588.0,3997.0,4463.3,8.352450284090908,11.765625,8.359375,11.047656249999998,1385.123779296875,1416.96484375,1381.1728515625,1409.06845703125,1385.123779296875,1416.96484375,1381.1728515625,1409.06845703125,8.352450284090908,11.765625,8.359375,11.047656249999998,665452,332.726,127.5,1244.0,6717,18,446384,223.192,199.5,493.14999999999986,1173,10,42.618242263793945,15.21349159836769,14.169695734977722,32.016036605834955,39.06289601325989,1.1173264980316162,0.1870092453956604,0.17484092712402344,0.3024947762489319,0.7804360389709473,0.07608795166015625,26088.26504664537,10474.012448402234,15614.252598243134,154.26016173006715,384.2252436855061,257.73759967256984,Qwen/Qwen3-14B,vLLM,AMD Instinct MI300X,4,1,1,2,bfloat16,512
1819611.0005731583,1819611.0005731583,4820.161589403973,5732.0,4862.0,5102.3,4820.161589403973,5732.0,4862.0,5102.3,11.868812086092715,12.484375,12.015625,12.125,1166.3680308360927,1173.453125,1173.453125,1173.453125,1166.3680308360927,1173.453125,1173.453125,1173.453125,11.868812086092715,12.484375,12.015625,12.125,2661808,332.726,127.5,1244.0,6717,18,1785536,223.192,199.5,493.1499999999978,1173,10,376.43343448638916,5.79456027328968,5.1913639307022095,12.70448271036148,31.582391500473022,0.29951000213623047,0.09172480413317681,0.0627744197845459,0.1907203078269958,0.9937365055084229,0.05867123603820801,11814.42346126352,4743.298114409548,7071.125346853971,409.14554857307155,1019.0839056581095,683.5996437658757,Qwen/Qwen3-32B,vLLM,AMD Instinct MI300X,1,1,1,8,fp8,16
2342016.5012056828,2342016.5012056828,5609.620359281437,5915.0,5703.0,5793.0,5609.620359281437,5915.0,5703.0,5793.0,11.87118263473054,12.4375,12.109375,12.21875,1378.9454820827095,1397.5078125,1397.5078125,1397.5078125,1378.9454820827095,1397.5078125,1397.5078125,1397.5078125,11.87118263473054,12.4375,12.109375,12.21875,2661808,332.726,127.5,1244.0,6717,18,1785536,223.192,199.5,493.1499999999978,1173,10,416.5817630290985,6.355307142108678,5.681071758270264,14.022569596767424,35.15704560279846,0.30053067207336426,0.1051091336607933,0.06565499305725098,0.26590309143066393,1.3297524452209473,0.04827713966369629,10675.80099441211,4286.159785336737,6389.641209075374,526.6101523079129,1311.6601968292339,879.8592915813923,Qwen/Qwen3-32B,vLLM,AMD Instinct MI300X,1,1,1,8,bfloat16,16
1209715.0008835793,1209715.0008835793,4978.251028806584,5860.0,5044.0,5358.5,4978.251028806584,5860.0,5044.0,5358.5,11.710615997942387,12.46875,11.90625,12.109375,1165.4552850919497,1173.6015625,1173.6015625,1173.6015625,1165.4552850919497,1173.6015625,1173.6015625,1173.6015625,11.710615997942387,12.46875,11.90625,12.109375,2661808,332.726,127.5,1244.0,6717,18,1785536,223.192,199.5,493.1499999999978,1173,10,241.65071845054626,7.2704436869323255,6.493892431259155,16.108157205581662,40.0454363822937,0.28594112396240234,0.10583972945809364,0.07107031345367432,0.2732226848602295,1.0551817417144775,0.05843210220336914,18404.017287911138,7388.91244126555,11015.104846645585,272.0084169076148,677.5080428978073,454.47117180637343,Qwen/Qwen3-32B,vLLM,AMD Instinct MI300X,1,1,1,8,fp8,32
1494484.5038485527,1494484.5038485527,5545.397031539888,5987.0,5680.0,5821.3,5545.397031539888,5987.0,5680.0,5821.3,11.651408858998145,12.5,12.0,12.21875,1372.002034656192,1398.2431640625,1398.2431640625,1398.2431640625,1372.002034656192,1398.2431640625,1398.2431640625,1398.2431640625,11.651408858998145,12.5,12.0,12.21875,2661808,332.726,127.5,1244.0,6717,18,1785536,223.192,199.5,493.1499999999978,1173,10,268.35736441612244,7.940073619067669,7.029263138771057,17.679059481620786,44.77539825439453,0.2928502559661865,0.12647921875119209,0.08395183086395264,0.3727876901626586,1.4217469692230225,0.04917502403259277,16572.468617271945,6653.575555434722,9918.893061837223,336.0397810127916,836.9948877247799,561.4546593325111,Qwen/Qwen3-32B,vLLM,AMD Instinct MI300X,1,1,1,8,bfloat16,32
864282.0004537106,864282.0004537106,5084.011764705882,5920.0,5193.5,5498.05,5084.011764705882,5920.0,5193.5,5498.05,11.463097426470588,12.46875,11.703125,12.205468750000001,1163.1546530330882,1172.5166015625,1172.5166015625,1172.5166015625,1163.1546530330882,1172.5166015625,1172.5166015625,1172.5166015625,11.463097426470588,12.46875,11.703125,12.205468750000001,2661808,332.726,127.5,1244.0,6717,18,1785536,223.192,199.5,493.1499999999978,1173,10,168.99049139022827,9.802102045536042,8.680100440979004,21.823467862606048,54.00533843040466,0.4579482078552246,0.13722545981407167,0.09433627128601074,0.4235377311706543,1.1049437522888184,0.060907840728759766,26317.125676203363,10565.89625434539,15751.229421857974,194.33666486192897,484.0462474314215,324.6973487395449,Qwen/Qwen3-32B,vLLM,AMD Instinct MI300X,1,1,1,8,fp8,64
1086194.501237154,1086194.501237154,5513.677664974619,5985.0,5649.5,5855.05,5513.677664974619,5985.0,5649.5,5855.05,11.47818845177665,12.5,11.828125,12.25,1374.1180401332488,1398.1796875,1398.1796875,1398.1796875,1374.1180401332488,1398.1796875,1398.1796875,1398.1796875,11.47818845177665,12.5,11.828125,12.25,2661808,332.726,127.5,1244.0,6717,18,1785536,223.192,199.5,493.1499999999978,1173,10,195.65693068504333,11.245741786450148,9.990148544311523,25.196612882614136,62.510552644729614,0.5219933986663818,0.17187218001484872,0.11133003234863281,0.6223270893096924,1.4849936962127686,0.054761648178100586,22730.316705003745,9125.851017637844,13604.465687365899,244.2344242399855,608.3296563256938,408.0664350085183,Qwen/Qwen3-32B,vLLM,AMD Instinct MI300X,1,1,1,8,bfloat16,64
678191.0022284985,678191.0022284985,5157.346007604563,5900.0,5284.0,5647.9,5157.346007604563,5900.0,5284.0,5647.9,11.127495247148289,12.453125,11.390625,12.265625,1163.2080969284696,1172.390625,1172.390625,1172.390625,1163.2080969284696,1172.390625,1172.390625,1172.390625,11.127495247148289,12.453125,11.390625,12.265625,2661808,332.726,127.5,1244.0,6717,18,1785536,223.192,199.5,493.1499999999978,1173,10,130.33119225502014,14.439673457652331,12.703190803527832,32.04485260248184,72.9836733341217,0.6945321559906006,0.19072600933909417,0.14489471912384033,0.44469594955444336,1.1313629150390625,0.0665886402130127,34123.404559192895,13699.98976535277,20423.414793840126,152.49348874935208,379.8248829642743,254.78584564645476,Qwen/Qwen3-32B,vLLM,AMD Instinct MI300X,1,1,1,8,fp8,128
884055.5010066032,884055.5010066032,5508.133956386293,5983.0,5627.0,5896.0,5508.133956386293,5983.0,5627.0,5896.0,11.30884929906542,12.5,11.609375,12.34375,1379.9293133031542,1397.4921875,1397.4921875,1397.4921875,1379.9293133031542,1397.4921875,1397.4921875,1397.4921875,11.30884929906542,12.5,11.609375,12.34375,2661808,332.726,127.5,1244.0,6717,18,1785536,223.192,199.5,493.1499999999978,1173,10,159.5361726284027,17.51396104708314,15.275811791419983,39.02172302007674,88.58793950080872,0.846513032913208,0.25400533267855646,0.17658793926239014,0.6452558040618896,1.5510294437408447,0.06556105613708496,27876.712388975953,11192.044854673388,16684.667534302564,198.78280182657406,495.12051339575527,332.12594635172906,Qwen/Qwen3-32B,vLLM,AMD Instinct MI300X,1,1,1,8,bfloat16,128
806199.2132573128,806199.2132573128,4000.9875930521093,5422.0,4038.0,4373.2,4000.9875930521093,5422.0,4038.0,4373.2,11.352977667493796,12.390625,11.484375,11.828125,1283.8139078977977,1286.84375,1286.84375,1286.84375,1283.8139078977977,1286.84375,1286.84375,1286.84375,11.352977667493796,12.390625,11.484375,11.828125,1330904,332.726,127.5,1244.0,6717,18,892768,223.192,199.5,493.1499999999992,1173,10,200.17410039901733,6.0968721140027045,5.369729280471802,13.491476988792417,32.65163230895996,0.24004435539245605,0.10244977980852127,0.06931030750274658,0.2497410297393798,0.8544707298278809,0.06512165069580078,11108.689863311189,4459.9575980129275,6648.732265298261,362.5531163127083,903.0332776906349,605.7530920767484,Qwen/Qwen3-32B,vLLM,AMD Instinct MI300X,2,1,1,4,fp8,32
1038292.5002977848,1038292.5002977848,4956.050119331742,5493.0,5026.0,5245.3,4956.050119331742,5493.0,5026.0,5245.3,11.386038186157517,12.375,11.5625,11.859375,1391.3409088790274,1397.65625,1397.65625,1397.65625,1391.3409088790274,1397.65625,1397.65625,1397.65625,11.386038186157517,12.375,11.5625,11.859375,1330904,332.726,127.5,1244.0,6717,18,892768,223.192,199.5,493.1499999999992,1173,10,208.54424333572388,6.31025547093153,5.572525978088379,14.066815376281735,34.43265891075134,0.23701143264770508,0.10698599934577942,0.070564866065979,0.2877931594848633,1.0334558486938477,0.055438995361328125,10662.830891094092,4280.95250062972,6381.878390464372,466.9270019579258,1163.0037146243872,780.1407917458996,Qwen/Qwen3-32B,vLLM,AMD Instinct MI300X,2,1,1,4,bfloat16,32
620046.5001330376,620046.5001330376,4218.003401360545,5253.0,4270.5,4609.899999999999,4218.003401360545,5253.0,4270.5,4609.899999999999,11.180272108843537,12.359375,11.328125,11.786718749999999,1282.2053936809098,1285.9765625,1285.9765625,1285.9765625,1282.2053936809098,1285.9765625,1285.9765625,1285.9765625,11.180272108843537,12.359375,11.328125,11.786718749999999,1330904,332.726,127.5,1244.0,6717,18,892768,223.192,199.5,493.1499999999992,1173,10,145.83892917633057,8.643707038640976,7.670440077781677,19.27127403020858,47.10004687309265,0.4124178886413574,0.12992979341745375,0.08730566501617432,0.3684265613555907,0.8376858234405518,0.06728529930114746,15247.451503921893,6121.602819234735,9125.848684687158,278.83901048942363,694.5214211676914,465.88371522892527,Qwen/Qwen3-32B,vLLM,AMD Instinct MI300X,2,1,1,4,fp8,64
742033.0016503334,742033.0016503334,4881.796052631579,5365.0,4952.0,5235.85,4881.796052631579,5365.0,4952.0,5235.85,11.196134868421053,12.34375,11.40625,11.872656249999999,1392.301831697163,1397.7734375,1397.7734375,1397.7734375,1392.301831697163,1397.7734375,1397.7734375,1397.7734375,11.196134868421053,12.34375,11.40625,11.872656249999999,1330904,332.726,127.5,1244.0,6717,18,892768,223.192,199.5,493.1499999999992,1173,10,150.97297048568726,8.893260504961013,7.937945365905762,19.843226373195634,48.55723857879639,0.41591477394104004,0.13972149157524108,0.09981358051300049,0.45769739151000977,1.0310137271881104,0.0587003231048584,14728.941166397806,5913.4293849284595,8815.511781469348,333.6971467241272,831.159944857268,557.5405901930818,Qwen/Qwen3-32B,vLLM,AMD Instinct MI300X,2,1,1,4,bfloat16,64
493342.00233769417,493342.00233769417,4327.561403508772,5318.0,4410.0,4798.349999999999,4327.561403508772,5318.0,4410.0,4798.349999999999,10.873697916666666,12.328125,11.0390625,11.857031249999997,1284.4136298999451,1284.8193359375,1284.8193359375,1284.8193359375,1284.4136298999451,1284.8193359375,1284.8193359375,1284.8193359375,10.873697916666666,12.328125,11.0390625,11.857031249999997,1330904,332.726,127.5,1244.0,6717,18,892768,223.192,199.5,493.1499999999992,1173,10,112.71516346931458,12.855841840147972,11.36245608329773,28.631326234340662,63.43059039115906,0.6223433017730713,0.17464286553859712,0.1414189338684082,0.3838386535644531,0.8589472770690918,0.07326555252075195,19728.241804886966,7920.56696296276,11807.674841924207,221.8591601358897,552.5982140239056,370.681884146185,Qwen/Qwen3-32B,vLLM,AMD Instinct MI300X,2,1,1,4,fp8,128
611235.500152111,611235.500152111,4909.522088353414,5492.0,4988.0,5261.2,4909.522088353414,5492.0,4988.0,5261.2,10.944590863453815,12.40625,11.171875,11.925,1388.834772684488,1397.74609375,1397.74609375,1397.74609375,1388.834772684488,1397.74609375,1397.74609375,1397.74609375,10.944590863453815,12.40625,11.171875,11.925,1330904,332.726,127.5,1244.0,6717,18,892768,223.192,199.5,493.1499999999992,1173,10,123.4324312210083,13.881702444911003,12.15200400352478,30.914118623733515,69.04810857772827,0.6784265041351318,0.19745307540893556,0.14349961280822754,0.4749436378479004,1.0469424724578857,0.06241726875305176,18015.297746331104,7232.847892313493,10782.449854017614,274.87664554489646,684.6521158376096,459.26340303441197,Qwen/Qwen3-32B,vLLM,AMD Instinct MI300X,2,1,1,4,bfloat16,128
