Model Name,FrameWork,Hardware type,Count,Precision,Batch Size,In tokens,Out tokens,TTFT,Latency,Power Avg,Power Avg (Active),Power Peak,Power Peak (Active),Energy,Energy (Active)
meta-llama/Llama-2-7b-hf,vLLM,NVIDIA A100-PCIE-40GB,1,float16,1,128,128,40.58368597179651,1.7141219079494476,209.42635,178.58875,258.42,227.473,434.2715848882198,357.17756280636786
meta-llama/Llama-2-7b-hf,vLLM,NVIDIA A100-PCIE-40GB,1,float16,2,128,128,73.30407714471221,1.7585235019214451,206.2006,175.326,254.764,223.828,427.8386359157563,350.65211383914954
meta-llama/Llama-2-7b-hf,vLLM,NVIDIA A100-PCIE-40GB,1,float16,4,128,128,170.81656819209456,2.048820006195456,254.46086666666665,223.6212,274.338,243.391,651.5721183335781,559.0530962474346
meta-llama/Llama-2-7b-hf,vLLM,NVIDIA A100-PCIE-40GB,1,float16,8,128,128,627.97771114856,3.3907556110061705,288.3371428571429,257.4571428571429,323.35,292.323,1024.6202609722616,901.1002242512704
meta-llama/Llama-2-7b-hf,vLLM,NVIDIA A100-PCIE-40GB,1,float16,1,256,256,50.67422892898321,3.3616946288384497,236.35558928571425,205.42971428571423,268.509,237.37,842.7078244242668,719.0042875907421
meta-llama/Llama-2-7b-hf,vLLM,NVIDIA A100-PCIE-40GB,1,float16,2,256,256,128.35927587002516,3.5287836682982743,240.97486111111112,210.01575,265.454,234.407,979.3791533219814,840.0631238148212
meta-llama/Llama-2-7b-hf,vLLM,NVIDIA A100-PCIE-40GB,1,float16,4,256,256,318.56792513281107,4.3908760831691325,251.45804444444445,220.4754444444445,295.089,263.966,1147.0527156341077,992.139678646803
meta-llama/Llama-2-7b-hf,vLLM,NVIDIA A100-PCIE-40GB,1,float16,8,256,256,1232.929291203618,7.934622544329613,266.1843272058824,235.2005625,311.788,280.659,2144.966787657261,1881.604721137524
meta-llama/Llama-2-7b-hf,vLLM,NVIDIA A100-PCIE-40GB,1,float16,1,512,512,70.56303229182959,6.754627004731447,251.2629619047619,220.2004285714285,272.269,241.034,1774.3723792176245,1541.4033348202704
meta-llama/Llama-2-7b-hf,vLLM,NVIDIA A100-PCIE-40GB,1,float16,2,512,512,170.48500571399927,7.338428460992873,264.94067083333334,233.88173333333333,284.564,253.431,2002.5848287019728,1754.113262049198
meta-llama/Llama-2-7b-hf,vLLM,NVIDIA A100-PCIE-40GB,1,float16,4,512,512,628.3751907758415,10.070700536947696,277.07770779220783,245.91457142857143,305.824,274.129,2924.898231418133,2582.1036273310187
meta-llama/Llama-2-7b-hf,vLLM,NVIDIA A100-PCIE-40GB,1,float16,8,512,512,2473.5610890202224,26.17837253725156,273.4561306778477,242.2810566037736,352.183,320.67,7262.176688845398,6420.449502934219
meta-llama/Llama-2-7b-hf,vLLM,NVIDIA A100-PCIE-40GB,1,float16,1,1024,1024,128.71794402599335,13.84010656364262,274.09652955665024,242.7993571428572,288.389,256.882,3853.000825189352,3399.1917431619167
meta-llama/Llama-2-7b-hf,vLLM,NVIDIA A100-PCIE-40GB,1,float16,2,1024,1024,325.03384817391634,15.897855148650706,280.179012310606,248.80040625,290.707,259.193,4498.554703499555,3980.8075762557983
meta-llama/Llama-2-7b-hf,vLLM,NVIDIA A100-PCIE-40GB,1,float16,4,1024,1024,1259.3575767241418,25.226563327014446,277.16291515837105,245.7485882352941,305.867,274.248,7083.362975580931,6266.590318153143
meta-llama/Llama-2-7b-hf,vLLM,NVIDIA A100-PCIE-40GB,1,float16,8,1024,1024,5038.874221965671,89.83352412795648,277.95806439533453,246.3206555555556,305.458,272.825,25032.04924002337,22168.86317434239
meta-llama/Llama-2-7b-hf,vLLM,NVIDIA A100-PCIE-40GB,1,float16,1,2048,2048,180.97830703482032,28.80433932179585,279.6549585037989,247.8345517241379,295.692,263.598,8125.9066213512415,7187.204355815172
meta-llama/Llama-2-7b-hf,vLLM,NVIDIA A100-PCIE-40GB,1,float16,2,2048,2048,653.0438531190157,36.70613718032837,278.3644317117117,246.6053783783784,294.49800000000005,262.355,10315.365666817186,9124.400901992558
meta-llama/Llama-2-7b-hf,vLLM,NVIDIA A100-PCIE-40GB,1,float16,4,2048,2048,2585.7053590007126,87.7027453710325,280.43517809450435,248.61052272727272,328.152,295.555,24694.21329709053,21877.7305839088
meta-llama/Llama-2-7b-hf,vLLM,NVIDIA A100-PCIE-40GB,1,float16,8,2048,2048,10382.076893001797,321.8769317273982,280.79950463912564,248.8714922360249,336.053,303.703,90433.42438022996,80136.63806638384
meta-llama/Llama-2-7b-hf,vLLM,NVIDIA A100-PCIE-40GB,1,bfloat16,1,128,128,40.54073290899396,1.7122770631685853,245.4537,213.5395,281.504,249.502,506.8645369973183,427.0790293674469
meta-llama/Llama-2-7b-hf,vLLM,NVIDIA A100-PCIE-40GB,1,bfloat16,2,128,128,78.40397907420993,1.7483390821143985,249.56945,217.77325,271.458,239.564,515.0371757211685,435.5466529550552
meta-llama/Llama-2-7b-hf,vLLM,NVIDIA A100-PCIE-40GB,1,bfloat16,4,128,128,162.4723318964243,2.048067848663777,233.3223333333333,201.713,287.61,255.912,599.1106403064728,504.2826177430153
meta-llama/Llama-2-7b-hf,vLLM,NVIDIA A100-PCIE-40GB,1,bfloat16,8,128,128,587.1302238665521,3.355404280591756,267.1184642857143,235.6387142857143,288.062,256.433,950.654621143341,824.7356061387062
meta-llama/Llama-2-7b-hf,vLLM,NVIDIA A100-PCIE-40GB,1,bfloat16,1,256,256,51.120313350111246,3.394746998790652,251.45732142857145,220.14957142857145,269.81100000000004,238.394,895.754624252796,770.5236092948912
meta-llama/Llama-2-7b-hf,vLLM,NVIDIA A100-PCIE-40GB,1,bfloat16,2,256,256,131.66745100170374,3.535621711052954,254.65797222222224,223.42575,270.322,238.904,1034.2481901142596,893.7031677105426
meta-llama/Llama-2-7b-hf,vLLM,NVIDIA A100-PCIE-40GB,1,bfloat16,4,256,256,298.70154801756144,4.392511298879981,277.2618888888889,246.0298888888889,290.228,258.913,1263.2947131063938,1107.134675931692
meta-llama/Llama-2-7b-hf,vLLM,NVIDIA A100-PCIE-40GB,1,bfloat16,8,256,256,1152.891137171537,7.906220474280417,258.0610551470588,226.8779375,289.488,258.147,2080.080629191876,1815.0240770940784
meta-llama/Llama-2-7b-hf,vLLM,NVIDIA A100-PCIE-40GB,1,bfloat16,1,512,512,71.18571922183037,6.799623319879174,264.1378142857143,232.94821428571427,270.248,238.892,1864.5600379621983,1630.637985932589
meta-llama/Llama-2-7b-hf,vLLM,NVIDIA A100-PCIE-40GB,1,bfloat16,2,512,512,173.80222771316767,7.316724997013807,261.69645833333334,230.46633333333327,284.016,252.685,1978.338786435604,1728.4977343285084
meta-llama/Llama-2-7b-hf,vLLM,NVIDIA A100-PCIE-40GB,1,bfloat16,4,512,512,584.739507175982,10.007600212935358,280.25371861471865,249.09680952380955,304.511,273.19,2958.2431210629934,2615.51703952527
meta-llama/Llama-2-7b-hf,vLLM,NVIDIA A100-PCIE-40GB,1,bfloat16,8,512,512,2310.0669090636075,26.004476278088987,277.036643256464,245.80973584905647,305.297,273.768,7357.08641401148,6513.959780002595
meta-llama/Llama-2-7b-hf,vLLM,NVIDIA A100-PCIE-40GB,1,bfloat16,1,1024,1024,122.72572191432118,13.8540138755925,270.96378078817736,239.59964285714287,287.92900000000003,256.406,3809.175902866364,3354.3958280973434
meta-llama/Llama-2-7b-hf,vLLM,NVIDIA A100-PCIE-40GB,1,bfloat16,2,1024,1024,301.7062549479306,15.896282797679303,280.7714990530303,249.35146875,295.011,263.409,4508.054984646558,3989.6243872199057
meta-llama/Llama-2-7b-hf,vLLM,NVIDIA A100-PCIE-40GB,1,bfloat16,4,1024,1024,1176.9773890264332,25.033930354751647,278.7041342383107,247.26498039215687,311.219,279.61,7122.676597421647,6305.258425063134
meta-llama/Llama-2-7b-hf,vLLM,NVIDIA A100-PCIE-40GB,1,bfloat16,8,1024,1024,4707.32457190752,90.096877458971,277.11031294396213,245.48495580110497,308.02000000000004,275.499,25094.30188797236,22216.39368617296
meta-llama/Llama-2-7b-hf,vLLM,NVIDIA A100-PCIE-40GB,1,bfloat16,1,2048,2048,167.21306694671512,28.841316937934607,279.7004880187025,247.89379310344827,291.46,259.489,8127.219265192746,7188.9215908725255
meta-llama/Llama-2-7b-hf,vLLM,NVIDIA A100-PCIE-40GB,1,bfloat16,2,2048,2048,612.1505741029978,36.745932998135686,281.6162018018018,249.8411351351352,293.153,261.092,10435.689363704922,9244.124030406
meta-llama/Llama-2-7b-hf,vLLM,NVIDIA A100-PCIE-40GB,1,bfloat16,4,2048,2048,2417.29842312634,87.53077361593023,279.2194462634823,247.43098863636368,307.553,275.155,24587.210415062906,21773.93135413193
meta-llama/Llama-2-7b-hf,vLLM,NVIDIA A100-PCIE-40GB,1,bfloat16,8,2048,2048,9705.04538482055,320.447971010115,279.6295322680197,247.7097160686428,309.55400000000003,277.112,89637.24551509763,79390.98206434918
meta-llama/Llama-2-7b-hf,vLLM,NVIDIA A100-PCIE-40GB,2,float16,1,128,128,58.79396107047796,1.41958967782557,269.948,269.948,334.802,334.802,470.5906169121265,470.5906169121265
meta-llama/Llama-2-7b-hf,vLLM,NVIDIA A100-PCIE-40GB,2,float16,2,128,128,84.00744898244739,1.514211046975106,273.0592,273.0592,343.344,343.344,611.809738366127,611.809738366127
meta-llama/Llama-2-7b-hf,vLLM,NVIDIA A100-PCIE-40GB,2,float16,4,128,128,228.5045641474425,2.0069176610559225,279.807,279.807,337.66,337.66,761.6842448270321,761.6842448270321
meta-llama/Llama-2-7b-hf,vLLM,NVIDIA A100-PCIE-40GB,2,float16,8,128,128,831.870898604393,3.829467656090856,316.8095555555556,316.8095555555556,391.202,391.202,1339.1317480089665,1339.1317480089665
meta-llama/Llama-2-7b-hf,vLLM,NVIDIA A100-PCIE-40GB,2,float16,1,256,256,59.92479482665658,2.7685044249519706,282.8007857142857,282.8007857142857,337.208,337.208,914.0122098829746,914.0122098829746
meta-llama/Llama-2-7b-hf,vLLM,NVIDIA A100-PCIE-40GB,2,float16,2,256,256,122.38767510280012,2.9783606291748583,286.4700535714286,286.4700535714286,343.631,343.631,1070.1858658311369,1070.1858658311369
meta-llama/Llama-2-7b-hf,vLLM,NVIDIA A100-PCIE-40GB,2,float16,4,256,256,419.2633652128279,4.170795009005815,299.97668888888893,299.97668888888893,375.935,375.935,1420.158785908699,1420.158785908699
meta-llama/Llama-2-7b-hf,vLLM,NVIDIA A100-PCIE-40GB,2,float16,8,256,256,1631.977063138038,8.260853538289666,346.64968954248366,346.64968954248366,414.177,414.177,3030.826728562117,3030.826728562117
meta-llama/Llama-2-7b-hf,vLLM,NVIDIA A100-PCIE-40GB,2,float16,1,512,512,80.39405709132552,5.435587074141949,315.79041666666666,315.79041666666666,349.397,349.397,1815.3844420673847,1815.3844420673847
meta-llama/Llama-2-7b-hf,vLLM,NVIDIA A100-PCIE-40GB,2,float16,2,512,512,232.4145156890154,6.121959265787154,312.62424175824174,312.62424175824174,354.116,354.116,2107.212491284847,2107.212491284847
meta-llama/Llama-2-7b-hf,vLLM,NVIDIA A100-PCIE-40GB,2,float16,4,512,512,843.7138088047504,9.044886369723828,343.48148684210526,343.48148684210526,394.963,394.963,3345.4146187074184,3345.4146187074184
meta-llama/Llama-2-7b-hf,vLLM,NVIDIA A100-PCIE-40GB,2,float16,8,512,512,3336.511652451009,18.818927023094147,403.7566153846154,403.7566153846154,516.0619999999999,516.0619999999999,7768.279963117599,7768.279963117599
meta-llama/Llama-2-7b-hf,vLLM,NVIDIA A100-PCIE-40GB,2,float16,1,1024,1024,129.1809300892055,11.058710710145531,333.2688061594203,333.2688061594203,360.547,360.547,3912.2253180823327,3912.2253180823327
meta-llama/Llama-2-7b-hf,vLLM,NVIDIA A100-PCIE-40GB,2,float16,2,1024,1024,428.609733004123,12.842719570267946,348.8178547008547,348.8178547008547,387.622,387.622,4619.494604398966,4619.494604398966
meta-llama/Llama-2-7b-hf,vLLM,NVIDIA A100-PCIE-40GB,2,float16,4,1024,1024,1677.8787951916456,20.981017420999702,400.1762917547569,400.1762917547569,464.46,464.46,8700.642140497446,8700.642140497446
meta-llama/Llama-2-7b-hf,vLLM,NVIDIA A100-PCIE-40GB,2,float16,8,1024,1024,6670.977354049683,51.576199315954,457.09798360805866,457.09798360805866,555.623,555.623,23881.560619980577,23881.560619980577
meta-llama/Llama-2-7b-hf,vLLM,NVIDIA A100-PCIE-40GB,2,float16,1,2048,2048,229.26870500668883,22.781573456712067,357.536225254394,357.536225254394,394.338,394.338,8308.097252046584,8308.097252046584
meta-llama/Llama-2-7b-hf,vLLM,NVIDIA A100-PCIE-40GB,2,float16,2,2048,2048,852.7506324462593,28.0577214579098,391.44480187537806,391.44480187537806,444.252,444.252,11250.481555175782,11250.481555175782
meta-llama/Llama-2-7b-hf,vLLM,NVIDIA A100-PCIE-40GB,2,float16,4,2048,2048,3313.0368907004595,53.63798015192151,461.643421848454,461.643421848454,519.14,519.14,25042.9003383236,25042.9003383236
meta-llama/Llama-2-7b-hf,vLLM,NVIDIA A100-PCIE-40GB,2,float16,8,2048,2048,13402.29218173772,172.22126926435158,472.6538360559605,472.6538360559605,571.469,571.469,81649.86653064727,81649.86653064727
meta-llama/Llama-2-7b-hf,vLLM,NVIDIA A100-PCIE-40GB,2,bfloat16,1,128,128,59.66306431218982,1.417895412072539,282.6041666666667,282.6041666666667,351.673,351.673,491.7600194633008,491.7600194633008
meta-llama/Llama-2-7b-hf,vLLM,NVIDIA A100-PCIE-40GB,2,bfloat16,2,128,128,88.19684386253357,1.5057496819645166,245.17985,245.17985,330.068,330.068,546.7246641612053,546.7246641612053
meta-llama/Llama-2-7b-hf,vLLM,NVIDIA A100-PCIE-40GB,2,bfloat16,4,128,128,228.512448258698,2.0049261557869613,284.3945,284.3945,335.09000000000003,335.09000000000003,778.343142642975,778.343142642975
meta-llama/Llama-2-7b-hf,vLLM,NVIDIA A100-PCIE-40GB,2,bfloat16,8,128,128,833.7347679771483,3.8119697449728847,285.4981111111111,285.4981111111111,368.429,368.429,1207.6253949346542,1207.6253949346542
meta-llama/Llama-2-7b-hf,vLLM,NVIDIA A100-PCIE-40GB,2,bfloat16,1,256,256,59.93165681138635,2.758452210109681,278.1244047619048,278.1244047619048,341.356,341.356,898.8466154646874,898.8466154646874
meta-llama/Llama-2-7b-hf,vLLM,NVIDIA A100-PCIE-40GB,2,bfloat16,2,256,256,143.40504677966237,2.990651859901845,293.08544642857146,293.08544642857146,342.063,342.063,1093.611209625244,1093.611209625244
meta-llama/Llama-2-7b-hf,vLLM,NVIDIA A100-PCIE-40GB,2,bfloat16,4,256,256,419.3070731125772,4.152960762847215,296.45914444444446,296.45914444444446,362.884,362.884,1405.054681479454,1405.054681479454
meta-llama/Llama-2-7b-hf,vLLM,NVIDIA A100-PCIE-40GB,2,bfloat16,8,256,256,1637.947244103998,8.209379786159843,332.3062450980392,332.3062450980392,412.904,412.904,2902.547999743223,2902.547999743223
meta-llama/Llama-2-7b-hf,vLLM,NVIDIA A100-PCIE-40GB,2,bfloat16,1,512,512,90.37268720567226,5.393973269034177,313.1390075757576,313.1390075757576,357.196,357.196,1797.8829587874416,1797.8829587874416
meta-llama/Llama-2-7b-hf,vLLM,NVIDIA A100-PCIE-40GB,2,bfloat16,2,512,512,224.54203385859728,6.095490554813296,308.3502802197802,308.3502802197802,353.843,353.843,2078.2713432147502,2078.2713432147502
meta-llama/Llama-2-7b-hf,vLLM,NVIDIA A100-PCIE-40GB,2,bfloat16,4,512,512,821.5522011741996,9.071606928948311,340.6909631578948,340.6909631578948,395.819,395.819,3319.1183081624504,3319.1183081624504
meta-llama/Llama-2-7b-hf,vLLM,NVIDIA A100-PCIE-40GB,2,bfloat16,8,512,512,3250.037599820644,18.662678287364542,399.3082935222672,399.3082935222672,504.94,504.94,7682.771667189359,7682.771667189359
meta-llama/Llama-2-7b-hf,vLLM,NVIDIA A100-PCIE-40GB,2,bfloat16,1,1024,1024,147.98977924510837,11.078250601887705,330.4798768115942,330.4798768115942,362.443,362.443,3880.787378200531,3880.787378200531
meta-llama/Llama-2-7b-hf,vLLM,NVIDIA A100-PCIE-40GB,2,bfloat16,2,1024,1024,410.0374188274145,12.83235302520916,340.98934900284905,340.98934900284905,386.091,386.091,4515.04023788476,4515.04023788476
meta-llama/Llama-2-7b-hf,vLLM,NVIDIA A100-PCIE-40GB,2,bfloat16,4,1024,1024,1593.8822571188211,20.924926138017327,384.426523255814,384.426523255814,444.589,444.589,8167.87442058587,8167.87442058587
meta-llama/Llama-2-7b-hf,vLLM,NVIDIA A100-PCIE-40GB,2,bfloat16,8,1024,1024,6340.377186890692,51.13104704581201,446.4884469753547,446.4884469753547,554.884,554.884,23105.20548845482,23105.20548845482
meta-llama/Llama-2-7b-hf,vLLM,NVIDIA A100-PCIE-40GB,2,bfloat16,1,2048,2048,227.4535270407796,22.75921071320772,356.4436877890842,356.4436877890842,390.221,390.221,8283.578034034013,8283.578034034013
meta-llama/Llama-2-7b-hf,vLLM,NVIDIA A100-PCIE-40GB,2,bfloat16,2,2048,2048,810.7735211960971,28.00417255982757,389.4732141560799,389.4732141560799,440.426,440.426,11193.784128771544,11193.784128771544
meta-llama/Llama-2-7b-hf,vLLM,NVIDIA A100-PCIE-40GB,2,bfloat16,4,2048,2048,3202.34138937667,53.26170114800334,453.3174485115958,453.3174485115958,518.235,518.235,24363.833478324173,24363.833478324173
meta-llama/Llama-2-7b-hf,vLLM,NVIDIA A100-PCIE-40GB,2,bfloat16,8,2048,2048,12803.994540125132,170.24639402888715,471.98652893107646,471.98652893107646,557.143,557.143,80590.2132948668,80590.2132948668
meta-llama/Meta-Llama-3-8B,vLLM,NVIDIA A100-PCIE-40GB,1,float16,1,128,128,45.43638601899147,1.8833835679106408,261.12815,228.26075,294.949,261.98,538.6901263890267,456.52161852860456
meta-llama/Meta-Llama-3-8B,vLLM,NVIDIA A100-PCIE-40GB,1,float16,2,128,128,82.24891079589725,1.9427545061334968,218.867,186.979,269.086,237.083,453.6780633575916,373.9580557625293
meta-llama/Meta-Llama-3-8B,vLLM,NVIDIA A100-PCIE-40GB,1,float16,4,128,128,181.61782110109925,2.195408971980214,240.0625666666667,208.56240000000005,285.332,253.719,615.9066289308072,521.4061139016152
meta-llama/Meta-Llama-3-8B,vLLM,NVIDIA A100-PCIE-40GB,1,float16,8,128,128,649.0357052534819,3.323577509261668,263.03957142857143,231.75057142857145,281.497,250.152,936.2831964654924,811.1271666452885
meta-llama/Meta-Llama-3-8B,vLLM,NVIDIA A100-PCIE-40GB,1,float16,1,256,256,55.45452795922756,3.695455532986671,243.5580138888889,212.258125,278.206,246.693,989.882243114233,849.0327356467246
meta-llama/Meta-Llama-3-8B,vLLM,NVIDIA A100-PCIE-40GB,1,float16,2,256,256,115.20722322165966,3.833046539220959,262.54234722222225,231.328125,274.651,243.326,1065.77675794816,925.3127282004356
meta-llama/Meta-Llama-3-8B,vLLM,NVIDIA A100-PCIE-40GB,1,float16,4,256,256,330.74675407260656,4.438853479921818,258.4024,227.208,290.784,259.257,1178.4083284990786,1022.436276435852
meta-llama/Meta-Llama-3-8B,vLLM,NVIDIA A100-PCIE-40GB,1,float16,8,256,256,1268.628571648151,6.973245338071138,266.045275,234.8554,303.586,272.265,2010.935086350441,1761.4160268917085
meta-llama/Meta-Llama-3-8B,vLLM,NVIDIA A100-PCIE-40GB,1,float16,1,512,512,83.6745910346508,7.376369216945022,258.7102375,227.5108,279.299,247.968,1955.926991084814,1706.331416695118
meta-llama/Meta-Llama-3-8B,vLLM,NVIDIA A100-PCIE-40GB,1,float16,2,512,512,178.05204633623362,7.742720972280949,259.4557830882353,228.2803125,278.978,247.739,2091.23442762804,1826.242845938921
meta-llama/Meta-Llama-3-8B,vLLM,NVIDIA A100-PCIE-40GB,1,float16,4,512,512,640.0820189155638,9.237535781227052,266.1816342105263,235.02168421052627,289.172,257.933,2544.306142989397,2232.7065761818885
meta-llama/Meta-Llama-3-8B,vLLM,NVIDIA A100-PCIE-40GB,1,float16,8,512,512,2533.56641670689,15.606645700987428,271.54894318181823,240.343125,313.144,281.557,4360.38700873971,3845.490874863386
meta-llama/Meta-Llama-3-8B,vLLM,NVIDIA A100-PCIE-40GB,1,float16,1,1024,1024,99.83958769589664,14.745175777003167,275.66603010752686,244.3999333333333,288.037,256.606,4150.624470780134,3665.999858979225
meta-llama/Meta-Llama-3-8B,vLLM,NVIDIA A100-PCIE-40GB,1,float16,2,1024,1024,332.2870368137956,15.956274098251017,267.9706553030303,236.666625,287.219,255.606,4303.183638325453,3786.666996471882
meta-llama/Meta-Llama-3-8B,vLLM,NVIDIA A100-PCIE-40GB,1,float16,4,1024,1024,1283.7855271063745,19.68473703926429,278.3254054878049,247.00462500000003,294.338,262.825,5582.169757681131,4940.093555930615
meta-llama/Meta-Llama-3-8B,vLLM,NVIDIA A100-PCIE-40GB,1,float16,8,1024,1024,5109.153407625854,36.09317084820941,276.24512606442056,244.7763287671233,315.358,282.969,10098.683782221078,8934.337974227667
meta-llama/Meta-Llama-3-8B,vLLM,NVIDIA A100-PCIE-40GB,1,float16,1,2048,2048,195.25200501084328,30.00814093509689,279.59724352194604,247.9850983606557,289.968,258.167,8543.523442358493,7563.546746322155
meta-llama/Meta-Llama-3-8B,vLLM,NVIDIA A100-PCIE-40GB,1,float16,2,2048,2048,676.2746223248541,32.9807403110899,277.3722214661984,245.72305970149253,292.92600000000004,260.85,9307.796201114656,8231.724459789992
meta-llama/Meta-Llama-3-8B,vLLM,NVIDIA A100-PCIE-40GB,1,float16,4,2048,2048,2605.1380592398345,45.01501174876466,278.05322575250835,246.34176923076924,309.082,276.63,12667.28056989336,11208.553297633887
meta-llama/Meta-Llama-3-8B,vLLM,NVIDIA A100-PCIE-40GB,1,float16,8,2048,2048,10498.071455396712,123.52066354919224,280.0726665047286,248.2479596774193,378.607,346.356,34744.930898370025,30782.754116994143
meta-llama/Meta-Llama-3-8B,vLLM,NVIDIA A100-PCIE-40GB,1,bfloat16,1,128,128,45.39718618616462,1.8868678440339863,234.51095,202.67275,278.993,247.088,484.94114955854417,405.3456343734264
meta-llama/Meta-Llama-3-8B,vLLM,NVIDIA A100-PCIE-40GB,1,bfloat16,2,128,128,84.66883702203631,1.9371099616400893,236.01865,204.22325,279.863,248.021,487.9352614870071,408.4467538952827
meta-llama/Meta-Llama-3-8B,vLLM,NVIDIA A100-PCIE-40GB,1,bfloat16,4,128,128,186.75947608426213,2.175264835823328,246.44656666666668,214.7434,284.296,252.491,631.9681834111215,536.8586758725644
meta-llama/Meta-Llama-3-8B,vLLM,NVIDIA A100-PCIE-40GB,1,bfloat16,8,128,128,627.1984637714922,3.516969288233668,271.8584861111111,240.346375,294.781,263.153,1103.190342186928,961.38580466938
meta-llama/Meta-Llama-3-8B,vLLM,NVIDIA A100-PCIE-40GB,1,bfloat16,1,256,256,60.43130066245794,3.702550320886076,247.3416527777778,215.966875,280.808,249.295,1005.0540724430084,863.8675574636459
meta-llama/Meta-Llama-3-8B,vLLM,NVIDIA A100-PCIE-40GB,1,bfloat16,2,256,256,102.18859789893033,3.839605720713735,245.7715138888889,214.499625,274.923,243.506,998.7223407127858,857.9988108394147
meta-llama/Meta-Llama-3-8B,vLLM,NVIDIA A100-PCIE-40GB,1,bfloat16,4,256,256,318.699864204973,4.410989294759929,248.54497777777777,217.2367777777777,287.342,255.627,1134.106667998314,977.5656304693224
meta-llama/Meta-Llama-3-8B,vLLM,NVIDIA A100-PCIE-40GB,1,bfloat16,8,256,256,1221.5922907926142,7.377315738238394,258.005625,226.609,299.815,266.766,1950.7409767692088,1699.5679172263144
meta-llama/Meta-Llama-3-8B,vLLM,NVIDIA A100-PCIE-40GB,1,bfloat16,1,512,512,84.81059782207012,7.391128169838339,259.0688083333333,227.8939333333333,283.89,252.569,1958.603848715782,1709.204789257288
meta-llama/Meta-Llama-3-8B,vLLM,NVIDIA A100-PCIE-40GB,1,bfloat16,2,512,512,169.93867699056864,7.764572482090443,259.2281948529412,228.0753125,277.443,246.118,2089.4023001902106,1824.602740746498
meta-llama/Meta-Llama-3-8B,vLLM,NVIDIA A100-PCIE-40GB,1,bfloat16,4,512,512,618.1191229261458,9.18274899199605,267.1066157894737,235.9283157894737,288.59700000000004,257.276,2553.1023748328685,2241.319307984352
meta-llama/Meta-Llama-3-8B,vLLM,NVIDIA A100-PCIE-40GB,1,bfloat16,8,512,512,2435.5477248318493,16.366501078009605,269.5204964349376,238.3378787878788,290.693,259.26,4462.680669433117,3932.576043025017
meta-llama/Meta-Llama-3-8B,vLLM,NVIDIA A100-PCIE-40GB,1,bfloat16,1,1024,1024,126.80569617077708,14.82460724003613,268.3731193548388,237.1127,286.717,254.848,4041.2278703682414,3556.691258551121
meta-llama/Meta-Llama-3-8B,vLLM,NVIDIA A100-PCIE-40GB,1,bfloat16,2,1024,1024,320.99066860973835,15.811889703851191,271.4040890151515,240.0959375,292.124,260.525,4358.120351106882,3841.535716730833
meta-llama/Meta-Llama-3-8B,vLLM,NVIDIA A100-PCIE-40GB,1,bfloat16,4,1024,1024,1235.7292440719905,19.70017709909007,271.5930054878048,240.250225,295.49300000000005,263.994,5447.532830964326,4805.005748728036
meta-llama/Meta-Llama-3-8B,vLLM,NVIDIA A100-PCIE-40GB,1,bfloat16,8,1024,1024,4940.390810370445,37.57376508368179,273.8460933014354,242.3821842105263,321.45300000000003,289.456,10421.88620001602,9210.525407591342
meta-llama/Meta-Llama-3-8B,vLLM,NVIDIA A100-PCIE-40GB,1,bfloat16,1,2048,2048,182.37330438569188,30.045282386243343,280.362793495505,248.73519672131144,292.532,260.657,8566.880869275807,7586.4251580717555
meta-llama/Meta-Llama-3-8B,vLLM,NVIDIA A100-PCIE-40GB,1,bfloat16,2,2048,2048,641.1781730130315,32.960229652002454,277.11048620533694,245.42557575757573,296.84400000000005,264.766,9160.489966820478,8099.045232673645
meta-llama/Meta-Llama-3-8B,vLLM,NVIDIA A100-PCIE-40GB,1,bfloat16,4,2048,2048,2535.8642637729645,44.76509933313355,280.4480174603175,248.75058888888893,310.243,277.897,12636.011649039508,11193.77835412741
meta-llama/Meta-Llama-3-8B,vLLM,NVIDIA A100-PCIE-40GB,1,bfloat16,8,2048,2048,10178.517094813287,127.0320987701416,276.54921231617647,244.7143529411765,312.91,280.277,35275.94902562117,31201.08620575857
meta-llama/Meta-Llama-3-8B,vLLM,NVIDIA A100-PCIE-40GB,2,float16,1,128,128,62.099224887788296,1.583629006985575,261.37080000000003,261.37080000000003,346.073,346.073,579.4876068024635,579.4876068024635
meta-llama/Meta-Llama-3-8B,vLLM,NVIDIA A100-PCIE-40GB,2,float16,2,128,128,93.82721921429038,1.6811229540035129,267.6266,267.6266,342.885,342.885,592.7600878250598,592.7600878250598
meta-llama/Meta-Llama-3-8B,vLLM,NVIDIA A100-PCIE-40GB,2,float16,4,128,128,232.91446175426245,2.150817287154496,253.88083333333333,253.88083333333333,318.106,318.106,692.6897199420929,692.6897199420929
meta-llama/Meta-Llama-3-8B,vLLM,NVIDIA A100-PCIE-40GB,2,float16,8,128,128,838.5450323112309,3.826981388963759,266.2021388888889,266.2021388888889,326.472,326.472,1125.2907196567055,1125.2907196567055
meta-llama/Meta-Llama-3-8B,vLLM,NVIDIA A100-PCIE-40GB,2,float16,1,256,256,65.37919212132692,3.1311824093572795,285.07221428571427,285.07221428571427,336.253,336.253,1064.735778895855,1064.735778895855
meta-llama/Meta-Llama-3-8B,vLLM,NVIDIA A100-PCIE-40GB,2,float16,2,256,256,133.55259131640196,3.275276063941419,297.25005357142857,297.25005357142857,340.153,340.153,1107.060771707535,1107.060771707535
meta-llama/Meta-Llama-3-8B,vLLM,NVIDIA A100-PCIE-40GB,2,float16,4,256,256,429.3038789182901,4.309602313209325,292.79881111111115,292.79881111111115,336.767,336.767,1387.4618746855258,1387.4618746855258
meta-llama/Meta-Llama-3-8B,vLLM,NVIDIA A100-PCIE-40GB,2,float16,8,256,256,1637.6590528525412,7.796926551032811,307.4504522058824,307.4504522058824,473.354,473.354,2532.6340323526856,2532.6340323526856
meta-llama/Meta-Llama-3-8B,vLLM,NVIDIA A100-PCIE-40GB,2,float16,1,512,512,90.78536927700044,6.005559611134231,305.8171813186814,305.8171813186814,345.973,345.973,2062.738441735029,2062.738441735029
meta-llama/Meta-Llama-3-8B,vLLM,NVIDIA A100-PCIE-40GB,2,float16,2,512,512,228.11892395839087,6.650870374869555,307.5034142857143,307.5034142857143,347.225,347.225,2224.825055937052,2224.825055937052
meta-llama/Meta-Llama-3-8B,vLLM,NVIDIA A100-PCIE-40GB,2,float16,4,512,512,825.5398189648986,8.78709268802777,310.20806432748543,310.20806432748543,355.895,355.895,2864.732246934176,2864.732246934176
meta-llama/Meta-Llama-3-8B,vLLM,NVIDIA A100-PCIE-40GB,2,float16,8,512,512,3243.9327402971685,16.32172765629366,328.4814349376114,328.4814349376114,477.239,477.239,5499.608900362253,5499.608900362253
meta-llama/Meta-Llama-3-8B,vLLM,NVIDIA A100-PCIE-40GB,2,float16,1,1024,1024,140.51416283473372,12.026263297069818,326.0513830769231,326.0513830769231,356.18600000000004,356.18600000000004,4155.050235576153,4155.050235576153
meta-llama/Meta-Llama-3-8B,vLLM,NVIDIA A100-PCIE-40GB,2,float16,2,1024,1024,427.4161830544472,13.362219010014089,331.13871560846565,331.13871560846565,360.411,360.411,4550.7241156923765,4550.7241156923765
meta-llama/Meta-Llama-3-8B,vLLM,NVIDIA A100-PCIE-40GB,2,float16,4,1024,1024,1633.4646767936647,18.17565687885508,332.34055405405405,332.34055405405405,423.646,423.646,6229.696062363386,6229.696062363386
meta-llama/Meta-Llama-3-8B,vLLM,NVIDIA A100-PCIE-40GB,2,float16,8,1024,1024,6479.874653276056,36.01933724107221,362.5297358385783,362.5297358385783,499.955,499.955,13319.008938987256,13319.008938987256
meta-llama/Meta-Llama-3-8B,vLLM,NVIDIA A100-PCIE-40GB,2,float16,1,2048,2048,230.8083949610591,24.391944418195635,337.7543722448979,337.7543722448979,364.412,364.412,8356.49752140951,8356.49752140951
meta-llama/Meta-Llama-3-8B,vLLM,NVIDIA A100-PCIE-40GB,2,float16,2,2048,2048,831.9836799055338,28.03516929410398,341.8417220205687,341.8417220205687,463.809,463.809,9825.667763109206,9825.667763109206
meta-llama/Meta-Llama-3-8B,vLLM,NVIDIA A100-PCIE-40GB,2,float16,4,2048,2048,3269.9452531524003,38.73929184814915,373.9291160337552,373.9291160337552,472.446,472.446,14673.640010947463,14673.640010947463
meta-llama/Meta-Llama-3-8B,vLLM,NVIDIA A100-PCIE-40GB,2,float16,8,2048,2048,13035.126503091304,83.8060699980706,419.6803085728375,419.6803085728375,519.717,519.717,35353.82137081433,35353.82137081433
meta-llama/Meta-Llama-3-8B,vLLM,NVIDIA A100-PCIE-40GB,2,bfloat16,1,128,128,61.30399089306593,1.5979003747925162,261.34335,261.34335,350.00800000000004,350.00800000000004,581.640596370697,581.640596370697
meta-llama/Meta-Llama-3-8B,vLLM,NVIDIA A100-PCIE-40GB,2,bfloat16,2,128,128,95.70715529844163,1.647899217903614,272.82485,272.82485,344.324,344.324,603.8252452611923,603.8252452611923
meta-llama/Meta-Llama-3-8B,vLLM,NVIDIA A100-PCIE-40GB,2,bfloat16,4,128,128,234.42073678597808,2.143534039147198,275.295,275.295,329.84400000000005,329.84400000000005,754.5865988032817,754.5865988032817
meta-llama/Meta-Llama-3-8B,vLLM,NVIDIA A100-PCIE-40GB,2,bfloat16,8,128,128,817.8756539709866,3.812148107681424,274.2678888888889,274.2678888888889,394.951,394.951,1158.937808878422,1158.937808878422
meta-llama/Meta-Llama-3-8B,vLLM,NVIDIA A100-PCIE-40GB,2,bfloat16,1,256,256,67.44288327172399,3.047839029226452,288.1458928571428,288.1458928571428,341.752,341.752,1077.493822291851,1077.493822291851
meta-llama/Meta-Llama-3-8B,vLLM,NVIDIA A100-PCIE-40GB,2,bfloat16,2,256,256,139.304855838418,3.27309129294008,281.3408035714285,281.3408035714285,341.188,341.188,1050.73677336359,1050.73677336359
meta-llama/Meta-Llama-3-8B,vLLM,NVIDIA A100-PCIE-40GB,2,bfloat16,4,256,256,421.6389367356896,4.3175749708898365,292.6664333333333,292.6664333333333,347.64300000000003,347.64300000000003,1384.5572889819146,1384.5572889819146
meta-llama/Meta-Llama-3-8B,vLLM,NVIDIA A100-PCIE-40GB,2,bfloat16,8,256,256,1605.0036302767694,7.80287529528141,292.70623161764706,292.70623161764706,367.574,367.574,2412.651408682108,2412.651408682108
meta-llama/Meta-Llama-3-8B,vLLM,NVIDIA A100-PCIE-40GB,2,bfloat16,1,512,512,93.20890484377742,6.082356786355376,306.15646153846154,306.15646153846154,345.618,345.618,2063.1136954655644,2063.1136954655644
meta-llama/Meta-Llama-3-8B,vLLM,NVIDIA A100-PCIE-40GB,2,bfloat16,2,512,512,234.1870847158134,6.5810003080405295,314.2891666666667,314.2891666666667,350.571,350.571,2274.626137667418,2274.626137667418
meta-llama/Meta-Llama-3-8B,vLLM,NVIDIA A100-PCIE-40GB,2,bfloat16,4,512,512,811.1273162066936,8.77072598785162,309.4577105263158,309.4577105263158,416.946,416.946,2859.1380721440314,2859.1380721440314
meta-llama/Meta-Llama-3-8B,vLLM,NVIDIA A100-PCIE-40GB,2,bfloat16,8,512,512,3189.7449721582234,16.527830491773784,308.374118487395,308.374118487395,421.758,421.758,5316.6803051643365,5316.6803051643365
meta-llama/Meta-Llama-3-8B,vLLM,NVIDIA A100-PCIE-40GB,2,bfloat16,1,1024,1024,142.0255657285452,11.990012710914016,321.02503384615386,321.02503384615386,351.75800000000004,351.75800000000004,4090.241968722582,4090.241968722582
meta-llama/Meta-Llama-3-8B,vLLM,NVIDIA A100-PCIE-40GB,2,bfloat16,2,1024,1024,421.7230076901615,13.37950629973784,324.13386904761904,324.13386904761904,359.04200000000003,359.04200000000003,4455.089045315743,4455.089045315743
meta-llama/Meta-Llama-3-8B,vLLM,NVIDIA A100-PCIE-40GB,2,bfloat16,4,1024,1024,1605.752244591713,18.185022966004908,332.1005533428165,332.1005533428165,412.717,412.717,6224.431988013268,6224.431988013268
meta-llama/Meta-Llama-3-8B,vLLM,NVIDIA A100-PCIE-40GB,2,bfloat16,8,1024,1024,6371.713660191745,36.40717725688592,354.3055494261385,354.3055494261385,487.438,487.438,13019.188385724785,13019.188385724785
meta-llama/Meta-Llama-3-8B,vLLM,NVIDIA A100-PCIE-40GB,2,bfloat16,1,2048,2048,229.2862860485912,24.37687913281843,337.1434657142857,337.1434657142857,372.006,372.006,8342.21131210637,8342.21131210637
meta-llama/Meta-Llama-3-8B,vLLM,NVIDIA A100-PCIE-40GB,2,bfloat16,2,2048,2048,816.7745941318572,27.2602630299516,345.74241266233764,345.74241266233764,379.323,379.323,9591.265130301712,9591.265130301712
meta-llama/Meta-Llama-3-8B,vLLM,NVIDIA A100-PCIE-40GB,2,bfloat16,4,2048,2048,3214.06370215118,38.51769806817174,376.5624380071406,376.5624380071406,488.824,488.824,14776.40712052846,14776.40712052846
meta-llama/Meta-Llama-3-8B,vLLM,NVIDIA A100-PCIE-40GB,2,bfloat16,8,2048,2048,12819.157482124863,84.79836769588292,410.907937014104,410.907937014104,509.437,509.437,35025.502425774095,35025.502425774095
mistralai/Mistral-7B-v0.1,vLLM,NVIDIA A100-PCIE-40GB,1,float16,1,128,128,43.00101986154914,1.7991321589797735,223.17255,190.51475,276.444,243.756,462.6740736727714,381.0295581159592
mistralai/Mistral-7B-v0.1,vLLM,NVIDIA A100-PCIE-40GB,1,float16,2,128,128,80.43970819562674,1.865696155000478,225.44075000000004,193.38975,272.515,240.318,466.90709644794464,386.77957349944114
mistralai/Mistral-7B-v0.1,vLLM,NVIDIA A100-PCIE-40GB,1,float16,4,128,128,178.90737671405077,2.184974700212478,247.86786666666669,216.1282,287.18,255.357,635.5397346045971,540.3206967630387
mistralai/Mistral-7B-v0.1,vLLM,NVIDIA A100-PCIE-40GB,1,float16,8,128,128,646.3737091980875,3.565005002077669,261.8573611111111,230.35625,294.50300000000004,262.874,1063.1802809712888,921.4252359380722
mistralai/Mistral-7B-v0.1,vLLM,NVIDIA A100-PCIE-40GB,1,float16,1,256,256,53.88852627947927,3.544496234040708,243.6392638888889,212.253375,275.782,244.269,990.2501836559773,849.0136686701774
mistralai/Mistral-7B-v0.1,vLLM,NVIDIA A100-PCIE-40GB,1,float16,2,256,256,109.60369696840644,3.778358367737383,240.86227777777776,209.5715,269.225,237.708,979.094817192316,838.2862873842716
mistralai/Mistral-7B-v0.1,vLLM,NVIDIA A100-PCIE-40GB,1,float16,4,256,256,324.41795943304896,4.542737399227917,255.85630909090912,224.6334,292.262,260.911,1294.8931943717002,1123.1671869294644
mistralai/Mistral-7B-v0.1,vLLM,NVIDIA A100-PCIE-40GB,1,float16,8,256,256,1265.3227630071342,7.9567364333197474,266.27576838235296,235.1300625,307.09200000000004,275.771,2145.779519778967,1881.040960363865
mistralai/Mistral-7B-v0.1,vLLM,NVIDIA A100-PCIE-40GB,1,float16,1,512,512,71.51332823559642,7.099712586030364,264.65371666666664,233.47846666666663,277.666,246.335,2000.4910111494069,1751.08895173502
mistralai/Mistral-7B-v0.1,vLLM,NVIDIA A100-PCIE-40GB,1,float16,2,512,512,175.50369072705507,7.742367011960596,257.1268676470588,225.91075,276.695,245.178,2072.623503647804,1807.286406878948
mistralai/Mistral-7B-v0.1,vLLM,NVIDIA A100-PCIE-40GB,1,float16,4,512,512,638.1752151064575,9.900580264627934,267.5622666666667,236.3456,300.219,268.894,2691.231499666691,2363.456410348177
mistralai/Mistral-7B-v0.1,vLLM,NVIDIA A100-PCIE-40GB,1,float16,8,512,512,2625.551148783416,20.164266060106456,272.9797171893147,241.6901219512195,317.671,285.631,5611.730628250599,4954.648964103699
mistralai/Mistral-7B-v0.1,vLLM,NVIDIA A100-PCIE-40GB,1,float16,1,1024,1024,100.00655427575111,14.367529205977917,271.021991954023,239.67375862068965,288.324,256.715,3945.4940714085096,3475.2704518718715
mistralai/Mistral-7B-v0.1,vLLM,NVIDIA A100-PCIE-40GB,1,float16,2,1024,1024,334.1169822961092,16.362568638287485,270.63332887700534,239.2331818181818,289.921,258.334,4481.151210981846,3947.348628664732
mistralai/Mistral-7B-v0.1,vLLM,NVIDIA A100-PCIE-40GB,1,float16,4,1024,1024,1274.6179928071797,23.54563208390028,280.4752300170068,249.0232708333333,307.478,275.389,6747.133050342798,5976.559907895326
mistralai/Mistral-7B-v0.1,vLLM,NVIDIA A100-PCIE-40GB,1,float16,8,1024,1024,5298.33746701479,56.43082306860015,270.883411193914,239.2948761061947,325.45000000000005,293.189,15320.71068013978,13520.163766096352
mistralai/Mistral-7B-v0.1,vLLM,NVIDIA A100-PCIE-40GB,1,float16,1,2048,2048,196.1355679668486,29.629187224898487,279.2392459016394,247.481,292.009,260.023,8393.05808061409,7424.431421374558
mistralai/Mistral-7B-v0.1,vLLM,NVIDIA A100-PCIE-40GB,1,float16,2,2048,2048,677.8636290691793,36.12823927588761,277.0298965198075,245.29234246575345,297.512,265.622,10127.46210652995,8953.172334119557
mistralai/Mistral-7B-v0.1,vLLM,NVIDIA A100-PCIE-40GB,1,float16,4,2048,2048,2693.2742740027606,62.1965466439724,280.7890587936507,249.000408,305.832,273.16,17565.21481670952,15562.52939172554
mistralai/Mistral-7B-v0.1,vLLM,NVIDIA A100-PCIE-40GB,1,float16,8,2048,2048,10880.682649090886,207.02962260181084,279.2397393477757,247.3665686746988,310.442,277.979,57958.195970976114,51328.57498096609
mistralai/Mistral-7B-v0.1,vLLM,NVIDIA A100-PCIE-40GB,1,bfloat16,1,128,128,44.09648058936,1.8013006830587983,221.628,189.7605,272.904,241.005,443.2561767334938,379.52116913032535
mistralai/Mistral-7B-v0.1,vLLM,NVIDIA A100-PCIE-40GB,1,bfloat16,2,128,128,82.88007322698832,1.86700188415125,227.95395,196.17575,275.547,243.736,471.7971514523029,392.35161356949806
mistralai/Mistral-7B-v0.1,vLLM,NVIDIA A100-PCIE-40GB,1,bfloat16,4,128,128,171.08679469674826,2.1769757349975407,246.1614,214.5034,272.256,240.445,631.2325842497348,536.258554041624
mistralai/Mistral-7B-v0.1,vLLM,NVIDIA A100-PCIE-40GB,1,bfloat16,8,128,128,630.7257227599621,3.751691719982773,270.419875,238.787875,289.26300000000003,257.35,1097.49571414876,955.1516764431
mistralai/Mistral-7B-v0.1,vLLM,NVIDIA A100-PCIE-40GB,1,bfloat16,1,256,256,59.154788963496685,3.5610418878495693,245.3524583333333,213.884125,276.592,244.973,997.1442696511746,855.536739648819
mistralai/Mistral-7B-v0.1,vLLM,NVIDIA A100-PCIE-40GB,1,bfloat16,2,256,256,134.62539203464985,3.760155082680285,242.6943055555556,211.21775,269.446,237.833,986.5155932774544,844.8710708005428
mistralai/Mistral-7B-v0.1,vLLM,NVIDIA A100-PCIE-40GB,1,bfloat16,4,256,256,325.22340724244714,4.558193742763251,248.2428909090909,216.9118,282.262,250.831,1256.880082207441,1084.5590598027704
mistralai/Mistral-7B-v0.1,vLLM,NVIDIA A100-PCIE-40GB,1,bfloat16,8,256,256,1225.6815829314291,8.372147966176271,269.19811111111113,237.952,307.78400000000005,276.357,2303.807258601189,2022.592213872433
mistralai/Mistral-7B-v0.1,vLLM,NVIDIA A100-PCIE-40GB,1,bfloat16,1,512,512,83.34467187523842,7.10146506736055,264.1617458333333,232.88693333333333,279.089,247.572,1996.8509752264024,1746.652430400133
mistralai/Mistral-7B-v0.1,vLLM,NVIDIA A100-PCIE-40GB,1,bfloat16,2,512,512,168.8828282058239,7.746825618203729,263.8672095588236,232.6335625,280.14,248.726,2126.555097518205,1861.0690454368591
mistralai/Mistral-7B-v0.1,vLLM,NVIDIA A100-PCIE-40GB,1,bfloat16,4,512,512,621.5631179511547,9.9028717209585,271.62314285714285,240.362,302.211,270.704,2731.862666307211,2403.620599236965
mistralai/Mistral-7B-v0.1,vLLM,NVIDIA A100-PCIE-40GB,1,bfloat16,8,512,512,2433.075088076293,20.82419352605939,273.8069894795128,242.48154761904763,304.017,271.731,5765.610616042138,5092.113489158631
mistralai/Mistral-7B-v0.1,vLLM,NVIDIA A100-PCIE-40GB,1,bfloat16,1,1024,1024,114.65649399906395,14.399411069694906,272.0713597701149,240.65779310344828,287.397,255.432,3960.742312587738,3489.5387225904465
mistralai/Mistral-7B-v0.1,vLLM,NVIDIA A100-PCIE-40GB,1,bfloat16,2,1024,1024,320.46514889225364,16.343563532922417,272.03669607843136,240.60766666666663,287.075,255.466,4504.321128863335,3970.027509014608
mistralai/Mistral-7B-v0.1,vLLM,NVIDIA A100-PCIE-40GB,1,bfloat16,4,1024,1024,1237.1524451300502,23.270610841922466,277.13426196808507,245.67457446808507,312.469,280.846,6528.38652436018,5773.353881828547
mistralai/Mistral-7B-v0.1,vLLM,NVIDIA A100-PCIE-40GB,1,bfloat16,8,1024,1024,4909.920651931316,57.47519584558904,275.8491010904804,244.24582758620693,314.464,282.189,16015.05291072202,14166.260989182712
mistralai/Mistral-7B-v0.1,vLLM,NVIDIA A100-PCIE-40GB,1,bfloat16,1,2048,2048,176.93176213651896,29.70255201961845,276.906387431694,245.1456333333333,292.675,260.608,8323.073546539545,7354.370364730358
mistralai/Mistral-7B-v0.1,vLLM,NVIDIA A100-PCIE-40GB,1,bfloat16,2,2048,2048,644.0330790355802,36.04528862703592,277.9576778970751,246.2251643835616,296.369,264.398,10161.323776776551,8987.2205195508
mistralai/Mistral-7B-v0.1,vLLM,NVIDIA A100-PCIE-40GB,1,bfloat16,4,2048,2048,2518.5877508483827,61.71854161703959,278.22488270967744,246.43833870967745,305.166,272.69,17265.84011487055,15279.180659804822
mistralai/Mistral-7B-v0.1,vLLM,NVIDIA A100-PCIE-40GB,1,bfloat16,8,2048,2048,10059.07830176875,207.36309036705643,280.3806894404541,248.50480722891564,320.217,287.462,58194.94287706208,51564.75794833779
mistralai/Mistral-7B-v0.1,vLLM,NVIDIA A100-PCIE-40GB,2,float16,1,128,128,58.9566370472312,1.5372874476015568,265.62245,265.62245,344.741,344.741,589.3806572477818,589.3806572477818
mistralai/Mistral-7B-v0.1,vLLM,NVIDIA A100-PCIE-40GB,2,float16,2,128,128,92.60394377633928,1.6149864019826057,253.9078,253.9078,339.843,339.843,565.1531666638853,565.1531666638853
mistralai/Mistral-7B-v0.1,vLLM,NVIDIA A100-PCIE-40GB,2,float16,4,128,128,232.08443773910403,2.137918348889798,279.18756666666667,279.18756666666667,347.403,347.403,755.572607420683,755.572607420683
mistralai/Mistral-7B-v0.1,vLLM,NVIDIA A100-PCIE-40GB,2,float16,8,128,128,835.2501131594181,3.9192167660221457,305.10940277777775,305.10940277777775,431.104,431.104,1292.6502968780994,1292.6502968780994
mistralai/Mistral-7B-v0.1,vLLM,NVIDIA A100-PCIE-40GB,2,float16,1,256,256,64.29485836997628,2.941473481245339,265.63435714285714,265.63435714285714,332.764,332.764,859.2611932532789,859.2611932532789
mistralai/Mistral-7B-v0.1,vLLM,NVIDIA A100-PCIE-40GB,2,float16,2,256,256,127.22503393888474,3.2123774541541934,279.95269642857147,279.95269642857147,337.871,337.871,1046.1141399300095,1046.1141399300095
mistralai/Mistral-7B-v0.1,vLLM,NVIDIA A100-PCIE-40GB,2,float16,4,256,256,424.58436312153935,4.444182377308607,301.1427,301.1427,366.801,366.801,1427.6648744430545,1427.6648744430545
mistralai/Mistral-7B-v0.1,vLLM,NVIDIA A100-PCIE-40GB,2,float16,8,256,256,1593.0327968671918,8.161507450975478,341.1116405228758,341.1116405228758,546.7560000000001,546.7560000000001,2978.7976623888017,2978.7976623888017
mistralai/Mistral-7B-v0.1,vLLM,NVIDIA A100-PCIE-40GB,2,float16,1,512,512,79.50521912425756,5.909252726938576,295.7471923076924,295.7471923076924,344.45,344.45,1845.524825106144,1845.524825106144
mistralai/Mistral-7B-v0.1,vLLM,NVIDIA A100-PCIE-40GB,2,float16,2,512,512,225.27793794870377,6.53626965964213,307.3825571428572,307.3825571428572,351.411,351.411,2225.953592032194,2225.953592032194
mistralai/Mistral-7B-v0.1,vLLM,NVIDIA A100-PCIE-40GB,2,float16,4,512,512,816.731495782733,9.206889319233596,331.7459,331.7459,475.819,475.819,3230.487296217442,3230.487296217442
mistralai/Mistral-7B-v0.1,vLLM,NVIDIA A100-PCIE-40GB,2,float16,8,512,512,3149.725417140872,17.926313342992216,398.37919294294295,398.37919294294295,708.009,708.009,7270.751074605941,7270.751074605941
mistralai/Mistral-7B-v0.1,vLLM,NVIDIA A100-PCIE-40GB,2,float16,1,1024,1024,151.2474180199206,11.849215319380164,320.3602266666667,320.3602266666667,350.137,350.137,3920.415498254538,3920.415498254538
mistralai/Mistral-7B-v0.1,vLLM,NVIDIA A100-PCIE-40GB,2,float16,2,1024,1024,432.3277799412608,13.553102717734872,335.8661428571428,335.8661428571428,382.414,382.414,4782.511286963701,4782.511286963701
mistralai/Mistral-7B-v0.1,vLLM,NVIDIA A100-PCIE-40GB,2,float16,4,1024,1024,1643.6148891225455,20.44108232902363,383.4397787456446,383.4397787456446,572.451,572.451,7954.708472596645,7954.708472596645
mistralai/Mistral-7B-v0.1,vLLM,NVIDIA A100-PCIE-40GB,2,float16,8,1024,1024,6442.182371858507,43.404842463787645,457.22288623301984,457.22288623301984,716.623,716.623,20001.29703117585,20001.29703117585
mistralai/Mistral-7B-v0.1,vLLM,NVIDIA A100-PCIE-40GB,2,float16,1,2048,2048,233.8662650436163,24.170173938851804,342.64581714285714,342.64581714285714,377.376,377.376,8477.004774645091,8477.004774645091
mistralai/Mistral-7B-v0.1,vLLM,NVIDIA A100-PCIE-40GB,2,float16,2,2048,2048,835.6683128513396,28.36809850623831,376.1016705989111,376.1016705989111,430.821,430.821,10810.17856180811,10810.17856180811
mistralai/Mistral-7B-v0.1,vLLM,NVIDIA A100-PCIE-40GB,2,float16,4,2048,2048,3282.260450068861,48.601705458946526,446.5688741496599,446.5688741496599,667.611,667.611,21991.974529689312,21991.974529689312
mistralai/Mistral-7B-v0.1,vLLM,NVIDIA A100-PCIE-40GB,2,float16,8,2048,2048,12951.486945617944,118.89996784180404,459.510208378749,459.510208378749,708.4939999999999,708.4939999999999,54796.44594927645,54796.44594927645
mistralai/Mistral-7B-v0.1,vLLM,NVIDIA A100-PCIE-40GB,2,bfloat16,1,128,128,61.42297573387623,1.541764128021896,265.61670000000004,265.61670000000004,341.374,341.374,590.7526842889786,590.7526842889786
mistralai/Mistral-7B-v0.1,vLLM,NVIDIA A100-PCIE-40GB,2,bfloat16,2,128,128,95.24089004844429,1.6079009529203176,272.2721,272.2721,346.58000000000004,346.58000000000004,611.0655901188851,611.0655901188851
mistralai/Mistral-7B-v0.1,vLLM,NVIDIA A100-PCIE-40GB,2,bfloat16,4,128,128,234.50654512271285,2.1413094303570688,264.6569,264.6569,334.593,334.593,722.1767812073231,722.1767812073231
mistralai/Mistral-7B-v0.1,vLLM,NVIDIA A100-PCIE-40GB,2,bfloat16,8,128,128,825.077872723341,3.90787838306278,308.31248611111107,308.31248611111107,424.419,424.419,1309.382164245367,1309.382164245367
mistralai/Mistral-7B-v0.1,vLLM,NVIDIA A100-PCIE-40GB,2,bfloat16,1,256,256,66.36514188721776,2.955814433284104,289.4656904761905,289.4656904761905,342.945,342.945,938.078587485075,938.078587485075
mistralai/Mistral-7B-v0.1,vLLM,NVIDIA A100-PCIE-40GB,2,bfloat16,2,256,256,144.04898695647717,3.1926461150869727,282.91117857142854,282.91117857142854,339.747,339.747,1056.8187135469914,1056.8187135469914
mistralai/Mistral-7B-v0.1,vLLM,NVIDIA A100-PCIE-40GB,2,bfloat16,4,256,256,425.9576192125678,4.442229098174721,296.0817333333333,296.0817333333333,352.359,352.359,1404.632661199808,1404.632661199808
mistralai/Mistral-7B-v0.1,vLLM,NVIDIA A100-PCIE-40GB,2,bfloat16,8,256,256,1591.7631639167666,8.170236906036735,335.9908496732026,335.9908496732026,544.148,544.148,2936.1362077765466,2936.1362077765466
mistralai/Mistral-7B-v0.1,vLLM,NVIDIA A100-PCIE-40GB,2,bfloat16,1,512,512,92.33283484354617,5.907729204278439,302.8424615384615,302.8424615384615,343.939,343.939,1888.9911202664373,1888.9911202664373
mistralai/Mistral-7B-v0.1,vLLM,NVIDIA A100-PCIE-40GB,2,bfloat16,2,512,512,228.4641647711396,6.522354684770107,315.79601428571425,315.79601428571425,350.082,350.082,2284.9996835246084,2284.9996835246084
mistralai/Mistral-7B-v0.1,vLLM,NVIDIA A100-PCIE-40GB,2,bfloat16,4,512,512,815.2553709223866,9.139097596053034,333.29597368421054,333.29597368421054,379.703,379.703,3244.6144031789304,3244.6144031789304
mistralai/Mistral-7B-v0.1,vLLM,NVIDIA A100-PCIE-40GB,2,bfloat16,8,512,512,3138.457324821502,17.96095718909055,398.1325923423423,398.1325923423423,668.6030000000001,668.6030000000001,7266.85486071062,7266.85486071062
mistralai/Mistral-7B-v0.1,vLLM,NVIDIA A100-PCIE-40GB,2,bfloat16,1,1024,1024,139.8580577224493,11.81433374574408,320.22741666666667,320.22741666666667,355.797,355.797,3921.115025751591,3921.115025751591
mistralai/Mistral-7B-v0.1,vLLM,NVIDIA A100-PCIE-40GB,2,bfloat16,2,1024,1024,422.933341935277,13.494348207954316,337.56359482758626,337.56359482758626,395.223,395.223,4807.565840646506,4807.565840646506
mistralai/Mistral-7B-v0.1,vLLM,NVIDIA A100-PCIE-40GB,2,bfloat16,4,1024,1024,1605.014166329056,20.324965714942664,371.8865882694541,371.8865882694541,431.561,431.561,7714.323751874925,7714.323751874925
mistralai/Mistral-7B-v0.1,vLLM,NVIDIA A100-PCIE-40GB,2,bfloat16,8,1024,1024,6292.0269491150975,43.28081620298326,450.8103799634272,450.8103799634272,706.845,706.845,19721.22892039275,19721.22892039275
mistralai/Mistral-7B-v0.1,vLLM,NVIDIA A100-PCIE-40GB,2,bfloat16,1,2048,2048,229.2790561914444,24.076985430903733,340.8619510204081,340.8619510204081,373.689,373.689,8432.96623904872,8432.96623904872
mistralai/Mistral-7B-v0.1,vLLM,NVIDIA A100-PCIE-40GB,2,bfloat16,2,2048,2048,817.0777917839587,28.53292898600921,372.0699663939217,372.0699663939217,439.003,439.003,10880.333183971168,10880.333183971168
mistralai/Mistral-7B-v0.1,vLLM,NVIDIA A100-PCIE-40GB,2,bfloat16,4,2048,2048,3188.006468117237,48.08280092105269,442.7343246370713,442.7343246370713,540.711,540.711,21580.345632123,21580.345632123
mistralai/Mistral-7B-v0.1,vLLM,NVIDIA A100-PCIE-40GB,2,bfloat16,8,2048,2048,12637.703194282947,118.19593292009084,470.4800553309931,470.4800553309931,717.0889999999999,717.0889999999999,55868.69459958649,55868.69459958649
Qwen/Qwen2-7B,vLLM,NVIDIA A100-PCIE-40GB,1,float16,1,128,128,41.564770974218845,1.8183692307211456,226.2549,193.2445,283.447,250.282,469.01507899117473,386.48905533623696
Qwen/Qwen2-7B,vLLM,NVIDIA A100-PCIE-40GB,1,float16,2,128,128,80.3531757555902,1.793580377008766,238.43135000000004,206.34475000000003,286.861,254.469,492.9060154175759,412.68950000000007
Qwen/Qwen2-7B,vLLM,NVIDIA A100-PCIE-40GB,1,float16,4,128,128,169.108250644058,2.0574286258779466,244.9356666666667,213.163,277.725,245.914,628.2256232619286,532.9076156995296
Qwen/Qwen2-7B,vLLM,NVIDIA A100-PCIE-40GB,1,float16,8,128,128,653.3548710867763,3.0837076753377914,248.2249107142857,216.7682857142857,297.64200000000005,266.119,884.5157110514641,758.6891810564995
Qwen/Qwen2-7B,vLLM,NVIDIA A100-PCIE-40GB,1,float16,1,256,256,51.54783325269818,3.5708659416995943,241.27384722222223,209.984625,270.747,239.32,980.7403649702072,839.938827704668
Qwen/Qwen2-7B,vLLM,NVIDIA A100-PCIE-40GB,1,float16,2,256,256,127.05219816416502,3.5529211023822427,265.4049166666667,234.20125,279.987,248.576,1077.2218341498374,936.8052745933531
Qwen/Qwen2-7B,vLLM,NVIDIA A100-PCIE-40GB,1,float16,4,256,256,333.7395712733269,4.240723888855428,258.0887111111111,226.8701111111111,285.252,253.915,1177.0087954993248,1020.9157359149456
Qwen/Qwen2-7B,vLLM,NVIDIA A100-PCIE-40GB,1,float16,8,256,256,1266.8200829066336,6.394493706990033,259.8051043956044,228.68846153846152,300.112,268.893,1704.2918117086888,1486.4752746419906
Qwen/Qwen2-7B,vLLM,NVIDIA A100-PCIE-40GB,1,float16,1,512,512,80.21649532020092,7.086391015909612,255.97081666666665,224.8100666666666,276.95300000000003,245.632,1935.3622126054763,1686.0761235387326
Qwen/Qwen2-7B,vLLM,NVIDIA A100-PCIE-40GB,1,float16,2,512,512,164.56523910164833,7.191460925154388,264.3647291666667,233.32466666666667,283.065,251.466,1998.2559304993151,1749.9353786678312
Qwen/Qwen2-7B,vLLM,NVIDIA A100-PCIE-40GB,1,float16,4,512,512,653.5194250755012,8.491980242077261,267.6606140350877,236.56366666666665,293.029,261.784,2424.494323187352,2129.073234166145
Qwen/Qwen2-7B,vLLM,NVIDIA A100-PCIE-40GB,1,float16,8,512,512,2510.382955428213,13.342919623013586,279.80698015873014,248.6874444444444,314.649,283.328,3792.954816953421,3357.2812057774067
Qwen/Qwen2-7B,vLLM,NVIDIA A100-PCIE-40GB,1,float16,1,1024,1024,126.01991510018706,14.18946714932099,270.9304298850575,239.69989655172407,283.208,251.695,3944.1071653592594,3475.6490833787925
Qwen/Qwen2-7B,vLLM,NVIDIA A100-PCIE-40GB,1,float16,2,1024,1024,344.92547204717994,14.588710738811642,270.12741827956995,238.8779666666667,286.98400000000004,255.467,4067.536745928765,3583.17014913249
Qwen/Qwen2-7B,vLLM,NVIDIA A100-PCIE-40GB,1,float16,4,1024,1024,1281.107715331018,17.64141575805843,274.0050503003003,242.7098611111111,296.236,264.74,4947.739854248285,4368.778719907522
Qwen/Qwen2-7B,vLLM,NVIDIA A100-PCIE-40GB,1,float16,8,1024,1024,5049.808098003268,29.911337427329272,274.7871543715847,243.45241666666664,309.482,277.782,8259.283780531405,7303.574078810929
Qwen/Qwen2-7B,vLLM,NVIDIA A100-PCIE-40GB,1,float16,1,2048,2048,184.7202000208199,28.622600875794888,279.1384094097019,247.66915517241367,294.621,262.916,8110.750435433626,7182.407210251331
Qwen/Qwen2-7B,vLLM,NVIDIA A100-PCIE-40GB,1,float16,2,2048,2048,669.6086102165282,29.82787888729945,277.9687554644809,246.4160833333333,293.88,262.182,8354.840592838289,7392.483836977244
Qwen/Qwen2-7B,vLLM,NVIDIA A100-PCIE-40GB,1,float16,4,2048,2048,2599.8167521320283,37.68763559125364,276.5827911825017,244.9789210526316,299.93,268.04,10525.950281846524,9309.201018018484
Qwen/Qwen2-7B,vLLM,NVIDIA A100-PCIE-40GB,1,float16,8,2048,2048,10367.96401673928,71.04868801077828,277.5012255244755,245.79247552447552,315.15000000000003,282.398,19857.196672361133,17574.16610587406
Qwen/Qwen2-7B,vLLM,NVIDIA A100-PCIE-40GB,1,bfloat16,1,128,128,42.19793202355504,1.818486139178276,241.17925,209.31225,276.384,244.206,498.29210645651824,418.6245836977959
Qwen/Qwen2-7B,vLLM,NVIDIA A100-PCIE-40GB,1,bfloat16,2,128,128,79.71717091277242,1.8138672588393088,223.6901,192.0065,277.809,246.021,463.2221957638264,384.0131731281281
Qwen/Qwen2-7B,vLLM,NVIDIA A100-PCIE-40GB,1,bfloat16,4,128,128,174.4828950613737,2.0684482059441507,280.2932333333334,248.7284,289.483,257.678,716.5156790628433,621.8211790628434
Qwen/Qwen2-7B,vLLM,NVIDIA A100-PCIE-40GB,1,bfloat16,8,128,128,633.4602013230324,3.1916329408995807,251.95544642857143,220.62257142857143,310.855,279.424,897.5106545443535,772.1791246247292
Qwen/Qwen2-7B,vLLM,NVIDIA A100-PCIE-40GB,1,bfloat16,1,256,256,51.83731205761433,3.567690188996494,245.87731944444445,214.534875,277.628,246.022,999.1806465997696,858.139631688118
Qwen/Qwen2-7B,vLLM,NVIDIA A100-PCIE-40GB,1,bfloat16,2,256,256,105.42382579296827,3.5771637288853526,263.5049583333333,232.289625,277.762,246.341,1069.6276532702443,929.15861602664
Qwen/Qwen2-7B,vLLM,NVIDIA A100-PCIE-40GB,1,bfloat16,4,256,256,332.0047138258815,4.21672426443547,262.3078,231.142,285.418,254.083,1195.9681942489146,1040.1391496903896
Qwen/Qwen2-7B,vLLM,NVIDIA A100-PCIE-40GB,1,bfloat16,8,256,256,1221.469345036894,6.536199170164764,269.18676666666664,238.0455,295.681,264.354,1899.878667701721,1666.3191230850218
Qwen/Qwen2-7B,vLLM,NVIDIA A100-PCIE-40GB,1,bfloat16,1,512,512,79.43920977413654,7.106616876088083,257.83327083333336,226.74133333333333,281.359,249.846,1949.296101573944,1700.560527310133
Qwen/Qwen2-7B,vLLM,NVIDIA A100-PCIE-40GB,1,bfloat16,2,512,512,157.80005883425474,7.18525056540966,262.2244083333333,231.12753333333333,284.026,252.421,1982.2320750083925,1733.4570377798082
Qwen/Qwen2-7B,vLLM,NVIDIA A100-PCIE-40GB,1,bfloat16,4,512,512,627.6901890523732,8.548610375262797,267.2667807017544,236.14383333333333,292.028,260.721,2420.963065274,2125.2949910938737
Qwen/Qwen2-7B,vLLM,NVIDIA A100-PCIE-40GB,1,bfloat16,8,512,512,2418.7283013015985,13.739386829081925,268.2579729064039,237.07921428571424,315.544,283.825,3771.201899113893,3319.1098099532123
Qwen/Qwen2-7B,vLLM,NVIDIA A100-PCIE-40GB,1,bfloat16,1,1024,1024,105.98834697157145,14.238051736727355,270.0457954022989,238.8568620689656,284.85,253.427,3931.259336422205,3463.42526207304
Qwen/Qwen2-7B,vLLM,NVIDIA A100-PCIE-40GB,1,bfloat16,2,1024,1024,337.0484421029687,14.593583059031516,271.01553010752684,239.7654333333333,290.422,258.809,4080.858930178166,3596.482333380223
Qwen/Qwen2-7B,vLLM,NVIDIA A100-PCIE-40GB,1,bfloat16,4,1024,1024,1238.393452949822,17.653334092814475,276.33156231231226,245.0518055555555,300.03600000000006,268.619,4989.609209314584,4410.933604932546
Qwen/Qwen2-7B,vLLM,NVIDIA A100-PCIE-40GB,1,bfloat16,8,1024,1024,4896.734208799899,30.8268559910357,274.68004352278547,243.3087419354839,323.087,291.468,8530.76897334814,7542.572734006405
Qwen/Qwen2-7B,vLLM,NVIDIA A100-PCIE-40GB,1,bfloat16,1,2048,2048,180.3058260120452,28.72249672282487,276.2333673290474,244.7656724137932,294.517,262.829,8026.503420597315,7098.2062031569485
Qwen/Qwen2-7B,vLLM,NVIDIA A100-PCIE-40GB,1,bfloat16,2,2048,2048,652.5934780947864,29.80930817127228,279.4926617486339,247.9543666666667,293.686,261.892,8400.550988969802,7438.632778395653
Qwen/Qwen2-7B,vLLM,NVIDIA A100-PCIE-40GB,1,bfloat16,4,2048,2048,2520.3916961327195,37.65650284709409,278.85164695830485,247.2418157894737,299.131,267.347,10612.170143518448,9395.19136466217
Qwen/Qwen2-7B,vLLM,NVIDIA A100-PCIE-40GB,1,bfloat16,8,2048,2048,10080.836263950914,72.40940521890298,275.4489225791214,243.73469655172417,316.754,284.206,19985.908427539827,17670.76940585876
Qwen/Qwen2-7B,vLLM,NVIDIA A100-PCIE-40GB,2,float16,1,128,128,55.58107886463404,1.5195009619928896,253.8583,253.8583,338.968,338.968,566.5696011798382,566.5696011798382
Qwen/Qwen2-7B,vLLM,NVIDIA A100-PCIE-40GB,2,float16,2,128,128,82.56237581372261,1.58081549173221,271.22475000000003,271.22475000000003,348.603,348.603,599.5810527863503,599.5810527863503
Qwen/Qwen2-7B,vLLM,NVIDIA A100-PCIE-40GB,2,float16,4,128,128,206.37947972863915,2.053540101274848,270.7907666666666,270.7907666666666,315.427,315.427,742.7721938962936,742.7721938962936
Qwen/Qwen2-7B,vLLM,NVIDIA A100-PCIE-40GB,2,float16,8,128,128,791.301048360765,3.553695261012763,269.7619722222222,269.7619722222222,372.476,372.476,1141.2547333168982,1141.2547333168982
Qwen/Qwen2-7B,vLLM,NVIDIA A100-PCIE-40GB,2,float16,1,256,256,55.52803771570325,2.8986104228533804,285.5423571428571,285.5423571428571,344.38300000000004,344.38300000000004,925.9216917295456,925.9216917295456
Qwen/Qwen2-7B,vLLM,NVIDIA A100-PCIE-40GB,2,float16,2,256,256,117.60685127228498,3.113749722018838,285.6617678571429,285.6617678571429,338.524,338.524,1068.882790951252,1068.882790951252
Qwen/Qwen2-7B,vLLM,NVIDIA A100-PCIE-40GB,2,float16,4,256,256,416.50240821763873,4.188027933705598,268.54434444444445,268.54434444444445,315.76300000000003,315.76300000000003,1271.7112122545243,1271.7112122545243
Qwen/Qwen2-7B,vLLM,NVIDIA A100-PCIE-40GB,2,float16,8,256,256,1502.5854050181806,7.509124497883022,293.05912132352944,293.05912132352944,411.383,411.383,2415.926156888723,2415.926156888723
Qwen/Qwen2-7B,vLLM,NVIDIA A100-PCIE-40GB,2,float16,1,512,512,81.89141470938921,5.799934372771531,306.8487884615385,306.8487884615385,350.986,350.986,1914.4840280179976,1914.4840280179976
Qwen/Qwen2-7B,vLLM,NVIDIA A100-PCIE-40GB,2,float16,2,512,512,200.8395092561841,6.268479730933905,310.49349450549454,310.49349450549454,341.945,341.945,2090.575313258172,2090.575313258172
Qwen/Qwen2-7B,vLLM,NVIDIA A100-PCIE-40GB,2,float16,4,512,512,772.880329284817,8.350748572964221,296.4124444444444,296.4124444444444,384.524,384.524,2592.07471186018,2592.07471186018
Qwen/Qwen2-7B,vLLM,NVIDIA A100-PCIE-40GB,2,float16,8,512,512,2952.803979162127,15.06717242114246,303.3486340725807,303.3486340725807,422.449,422.449,4774.44833872056,4774.44833872056
Qwen/Qwen2-7B,vLLM,NVIDIA A100-PCIE-40GB,2,float16,1,1024,1024,119.64689241722226,11.592957135755569,325.55789000000004,325.55789000000004,356.16700000000003,356.16700000000003,3985.180792751551,3985.180792751551
Qwen/Qwen2-7B,vLLM,NVIDIA A100-PCIE-40GB,2,float16,2,1024,1024,415.1463150046766,12.671567487996072,315.6765883190883,315.6765883190883,351.902,351.902,4180.025945923328,4180.025945923328
Qwen/Qwen2-7B,vLLM,NVIDIA A100-PCIE-40GB,2,float16,4,1024,1024,1499.337637796998,17.53891477873549,311.2976298798799,311.2976298798799,433.854,433.854,5678.345732245683,5678.345732245683
Qwen/Qwen2-7B,vLLM,NVIDIA A100-PCIE-40GB,2,float16,8,1024,1024,5845.66427115351,30.90383112616837,338.1736571940604,338.1736571940604,434.983,434.983,10565.548098570587,10565.548098570587
Qwen/Qwen2-7B,vLLM,NVIDIA A100-PCIE-40GB,2,float16,1,2048,2048,198.47069820389152,23.163842665031552,339.3186453900709,339.3186453900709,368.047,368.047,8056.564578101635,8056.564578101635
Qwen/Qwen2-7B,vLLM,NVIDIA A100-PCIE-40GB,2,float16,2,2048,2048,780.3003238514066,25.37787768803537,336.33542986425334,336.33542986425334,384.564,384.564,8659.249153146506,8659.249153146506
Qwen/Qwen2-7B,vLLM,NVIDIA A100-PCIE-40GB,2,float16,4,2048,2048,2970.4121761024,35.803352324757725,338.0235848554034,338.0235848554034,443.257,443.257,12250.694617055178,12250.694617055178
Qwen/Qwen2-7B,vLLM,NVIDIA A100-PCIE-40GB,2,float16,8,2048,2048,11749.05162397772,66.14238618314266,383.3685680058354,383.3685680058354,467.252,467.252,25586.24347567797,25586.24347567797
Qwen/Qwen2-7B,vLLM,NVIDIA A100-PCIE-40GB,2,bfloat16,1,128,128,56.000478100031614,1.5402945643290875,269.83335,269.83335,361.319,361.319,599.6811716430186,599.6811716430186
Qwen/Qwen2-7B,vLLM,NVIDIA A100-PCIE-40GB,2,bfloat16,2,128,128,79.17264616116881,1.5659391381777823,261.3692,261.3692,345.17600000000004,345.17600000000004,582.9646410226821,582.9646410226821
Qwen/Qwen2-7B,vLLM,NVIDIA A100-PCIE-40GB,2,bfloat16,4,128,128,195.08501095697284,2.0563617711886764,283.1495666666667,283.1495666666667,317.075,317.075,770.2991796486378,770.2991796486378
Qwen/Qwen2-7B,vLLM,NVIDIA A100-PCIE-40GB,2,bfloat16,8,128,128,780.733844731003,3.559699417091906,262.87458333333336,262.87458333333336,339.832,339.832,1113.8756272537707,1113.8756272537707
Qwen/Qwen2-7B,vLLM,NVIDIA A100-PCIE-40GB,2,bfloat16,1,256,256,58.14544204622507,2.945058227051049,295.4145952380953,295.4145952380953,348.179,348.179,960.894248072624,960.894248072624
Qwen/Qwen2-7B,vLLM,NVIDIA A100-PCIE-40GB,2,bfloat16,2,256,256,139.57509398460388,3.133564543444664,284.2559464285715,284.2559464285715,341.153,341.153,1062.9202687067989,1062.9202687067989
Qwen/Qwen2-7B,vLLM,NVIDIA A100-PCIE-40GB,2,bfloat16,4,256,256,412.8779470920563,4.185699593741447,281.74996666666664,281.74996666666664,360.39,360.39,1335.0406636321543,1335.0406636321543
Qwen/Qwen2-7B,vLLM,NVIDIA A100-PCIE-40GB,2,bfloat16,8,256,256,1470.374049153179,7.552817708812654,278.6816360294118,278.6816360294118,395.753,395.753,2296.491604325772,2296.491604325772
Qwen/Qwen2-7B,vLLM,NVIDIA A100-PCIE-40GB,2,bfloat16,1,512,512,83.26169522479177,5.864971122238785,305.4612371794872,305.4612371794872,359.205,359.205,1907.08718881011,1907.08718881011
Qwen/Qwen2-7B,vLLM,NVIDIA A100-PCIE-40GB,2,bfloat16,2,512,512,191.6668829508125,6.242322475183755,310.3732032967033,310.3732032967033,346.845,346.845,2093.436791398287,2093.436791398287
Qwen/Qwen2-7B,vLLM,NVIDIA A100-PCIE-40GB,2,bfloat16,4,512,512,759.4106760807335,8.4210249716416,298.14018300653595,298.14018300653595,385.859,385.859,2605.233097592354,2605.233097592354
Qwen/Qwen2-7B,vLLM,NVIDIA A100-PCIE-40GB,2,bfloat16,8,512,512,2873.2234770432115,14.901185668073596,298.2661365591398,298.2661365591398,402.566,402.566,4546.364038919688,4546.364038919688
Qwen/Qwen2-7B,vLLM,NVIDIA A100-PCIE-40GB,2,bfloat16,1,1024,1024,114.81268098577856,11.63887349423021,325.03715666666665,325.03715666666665,363.173,363.173,3978.6878479378224,3978.6878479378224
Qwen/Qwen2-7B,vLLM,NVIDIA A100-PCIE-40GB,2,bfloat16,2,1024,1024,405.9571330435574,12.62299320101738,321.2160754985755,321.2160754985755,354.479,354.479,4252.371361312151,4252.371361312151
Qwen/Qwen2-7B,vLLM,NVIDIA A100-PCIE-40GB,2,bfloat16,4,1024,1024,1462.1385522186756,17.365458284970373,315.233823015873,315.233823015873,401.777,401.777,5593.50923705244,5593.50923705244
Qwen/Qwen2-7B,vLLM,NVIDIA A100-PCIE-40GB,2,bfloat16,8,1024,1024,5707.133989781141,30.84975213510916,321.2293589349718,321.2293589349718,419.192,419.192,10035.890254219532,10035.890254219532
Qwen/Qwen2-7B,vLLM,NVIDIA A100-PCIE-40GB,2,bfloat16,1,2048,2048,199.141058139503,23.140105857048184,340.05721099290776,340.05721099290776,367.163,367.163,8073.898994182825,8073.898994182825
Qwen/Qwen2-7B,vLLM,NVIDIA A100-PCIE-40GB,2,bfloat16,2,2048,2048,765.4504091478884,25.55986134102568,336.4746872278664,336.4746872278664,386.553,386.553,8829.697219143629,8829.697219143629
Qwen/Qwen2-7B,vLLM,NVIDIA A100-PCIE-40GB,2,bfloat16,4,2048,2048,2902.7514192275703,35.70799868693575,335.3221078767123,335.3221078767123,422.081,422.081,12151.742412791493,12151.742412791493
Qwen/Qwen2-7B,vLLM,NVIDIA A100-PCIE-40GB,2,bfloat16,8,2048,2048,11458.25257198885,65.78387023182586,367.8013515607199,367.8013515607199,440.777,440.777,24362.371786835192,24362.371786835192
deepseek-ai/DeepSeek-R1-Distill-Llama-8B,vLLM,NVIDIA A100-PCIE-40GB,1,float16,1,128,128,46.218418050557375,1.8787852167151868,256.5985,224.3145,286.41,254.117,529.339069904089,448.6290391113758
deepseek-ai/DeepSeek-R1-Distill-Llama-8B,vLLM,NVIDIA A100-PCIE-40GB,1,float16,2,128,128,80.09900897741318,1.9361912980675693,253.4007,221.5765,269.172,237.275,522.7135151672363,443.153
deepseek-ai/DeepSeek-R1-Distill-Llama-8B,vLLM,NVIDIA A100-PCIE-40GB,1,float16,4,128,128,188.76999896019697,2.189968635328114,251.4262666666667,219.9476,285.193,253.58,644.3051184620857,549.869110969305
deepseek-ai/DeepSeek-R1-Distill-Llama-8B,vLLM,NVIDIA A100-PCIE-40GB,1,float16,8,128,128,706.6291361115873,3.3960087466984987,279.7291071428572,248.4738571428572,304.73900000000003,273.398,994.6795937747956,869.6585639462472
deepseek-ai/DeepSeek-R1-Distill-Llama-8B,vLLM,NVIDIA A100-PCIE-40GB,1,float16,1,256,256,55.29535701498389,3.714510581921786,245.39780555555552,214.19325,278.591,247.269,997.193699045658,856.7731692893506
deepseek-ai/DeepSeek-R1-Distill-Llama-8B,vLLM,NVIDIA A100-PCIE-40GB,1,float16,2,256,256,137.65905098989606,3.830698388163,242.3580694444444,211.172625,271.313,239.992,985.0252244045736,844.6906797778606
deepseek-ai/DeepSeek-R1-Distill-Llama-8B,vLLM,NVIDIA A100-PCIE-40GB,1,float16,4,256,256,369.5747028104961,4.494818952865899,261.70184545454543,230.6773,287.385,256.06,1324.0216471557617,1153.3866174943446
deepseek-ai/DeepSeek-R1-Distill-Llama-8B,vLLM,NVIDIA A100-PCIE-40GB,1,float16,8,256,256,1363.4825246408582,7.068783360999078,262.20469166666663,231.11406666666664,293.60200000000003,262.377,1982.081039530277,1733.3559727256295
deepseek-ai/DeepSeek-R1-Distill-Llama-8B,vLLM,NVIDIA A100-PCIE-40GB,1,float16,1,512,512,82.05933310091496,7.4204689450562,254.35747916666665,223.30466666666663,272.04,240.815,1923.207858736515,1674.7852846646308
deepseek-ai/DeepSeek-R1-Distill-Llama-8B,vLLM,NVIDIA A100-PCIE-40GB,1,float16,2,512,512,178.488417994231,7.75879394216463,254.4545,223.3685,275.232,244.003,2051.179594262123,1786.9485052902698
deepseek-ai/DeepSeek-R1-Distill-Llama-8B,vLLM,NVIDIA A100-PCIE-40GB,1,float16,4,512,512,701.7092062160373,9.264718728139997,271.1814842105264,240.1176842105264,290.79600000000005,259.653,2591.7564874837403,2281.11841339469
deepseek-ai/DeepSeek-R1-Distill-Llama-8B,vLLM,NVIDIA A100-PCIE-40GB,1,float16,8,512,512,2710.96637705341,15.848628823645411,263.0194507575757,231.901875,310.105,278.578,4223.870745226622,3710.430604338884
deepseek-ai/DeepSeek-R1-Distill-Llama-8B,vLLM,NVIDIA A100-PCIE-40GB,1,float16,1,1024,1024,131.73515908420086,14.811943949200211,273.4768559139785,242.25853333333333,288.879,257.462,4117.762950899362,3633.878839327812
deepseek-ai/DeepSeek-R1-Distill-Llama-8B,vLLM,NVIDIA A100-PCIE-40GB,1,float16,2,1024,1024,374.9685930088162,15.846952579915524,267.9253645833333,236.60403125,286.549,254.936,4302.467308079481,3785.66519634676
deepseek-ai/DeepSeek-R1-Distill-Llama-8B,vLLM,NVIDIA A100-PCIE-40GB,1,float16,4,1024,1024,1390.4768233187497,19.862718200311065,276.47798963414635,245.191575,297.516,266.099,5545.204234252692,4903.832585098029
deepseek-ai/DeepSeek-R1-Distill-Llama-8B,vLLM,NVIDIA A100-PCIE-40GB,1,float16,8,1024,1024,5493.973989970982,36.577433292754,272.90138540540545,241.52690540540544,317.126,284.551,10113.040920665742,8936.497644061328
deepseek-ai/DeepSeek-R1-Distill-Llama-8B,vLLM,NVIDIA A100-PCIE-40GB,1,float16,1,2048,2048,186.0337951220572,29.967360412701964,276.6942258064516,245.186,291.37,259.672,8454.929741271018,7478.174545871973
deepseek-ai/DeepSeek-R1-Distill-Llama-8B,vLLM,NVIDIA A100-PCIE-40GB,1,float16,2,2048,2048,731.9692349992692,32.96211313409731,278.0099330619629,246.37751515151515,291.796,259.904,9190.146409006356,8130.460122321368
deepseek-ai/DeepSeek-R1-Distill-Llama-8B,vLLM,NVIDIA A100-PCIE-40GB,1,float16,4,2048,2048,2838.4751491248608,45.29218144342303,277.1043253702819,245.47293406593408,310.916,278.94,12624.065310590744,11169.020986106158
deepseek-ai/DeepSeek-R1-Distill-Llama-8B,vLLM,NVIDIA A100-PCIE-40GB,1,float16,8,2048,2048,11350.52014887333,124.63853213982657,278.30394991235056,246.547428,333.993,301.557,34803.87941107798,30818.43505553913
deepseek-ai/DeepSeek-R1-Distill-Llama-8B,vLLM,NVIDIA A100-PCIE-40GB,1,bfloat16,1,128,128,45.307896099984646,1.8826080388389528,235.8887,204.0345,281.90700000000004,250.002,487.704560639143,408.0690226678848
deepseek-ai/DeepSeek-R1-Distill-Llama-8B,vLLM,NVIDIA A100-PCIE-40GB,1,bfloat16,2,128,128,84.34889884665608,1.9444962101988488,229.18905,197.43925,276.75100000000003,244.854,474.25300756001474,394.8785
deepseek-ai/DeepSeek-R1-Distill-Llama-8B,vLLM,NVIDIA A100-PCIE-40GB,1,bfloat16,4,128,128,170.6510428339243,2.187063645105809,259.1959,227.6304,284.102,252.393,663.7725541276932,569.0760390510559
deepseek-ai/DeepSeek-R1-Distill-Llama-8B,vLLM,NVIDIA A100-PCIE-40GB,1,bfloat16,8,128,128,671.9816280528903,3.583703411743045,253.1819027777778,221.714125,292.233,260.604,1028.4615825202466,886.8565449647904
deepseek-ai/DeepSeek-R1-Distill-Llama-8B,vLLM,NVIDIA A100-PCIE-40GB,1,bfloat16,1,256,256,58.36564395576716,3.704187508206816,247.3020138888889,216.000125,276.308,244.795,1004.8592206397057,864.0006832976342
deepseek-ai/DeepSeek-R1-Distill-Llama-8B,vLLM,NVIDIA A100-PCIE-40GB,1,bfloat16,2,256,256,125.8652680553496,3.8370606298558414,259.44741666666664,228.19975,274.574,243.253,1053.413715026617,912.799170328617
deepseek-ai/DeepSeek-R1-Distill-Llama-8B,vLLM,NVIDIA A100-PCIE-40GB,1,bfloat16,4,256,256,353.0811099335551,4.477539429906756,253.5028909090909,222.3828,283.124,251.803,1283.0748498327732,1111.9143053319451
deepseek-ai/DeepSeek-R1-Distill-Llama-8B,vLLM,NVIDIA A100-PCIE-40GB,1,bfloat16,8,256,256,1295.617031864822,7.475661758799106,260.5946139705882,229.4634375,298.109,266.015,2100.32280138588,1835.70772001648
deepseek-ai/DeepSeek-R1-Distill-Llama-8B,vLLM,NVIDIA A100-PCIE-40GB,1,bfloat16,1,512,512,74.26379807293415,7.395730108954012,262.46230833333334,231.3719333333333,278.959,247.74,1984.012843719721,1735.289784403086
deepseek-ai/DeepSeek-R1-Distill-Llama-8B,vLLM,NVIDIA A100-PCIE-40GB,1,bfloat16,2,512,512,183.5633018054068,7.739047761075199,270.6386286764706,239.5396875,287.063,255.838,2180.659137730121,1916.3180710315703
deepseek-ai/DeepSeek-R1-Distill-Llama-8B,vLLM,NVIDIA A100-PCIE-40GB,1,bfloat16,4,512,512,670.8973539061844,9.26058240281418,266.6090921052632,235.4668421052632,291.00699999999995,259.768,2548.358028924942,2236.935484366417
deepseek-ai/DeepSeek-R1-Distill-Llama-8B,vLLM,NVIDIA A100-PCIE-40GB,1,bfloat16,8,512,512,2575.5375921726227,16.541659973096102,269.627456302521,238.4419705882353,312.285,280.944,4599.260471808672,4053.514337991238
deepseek-ai/DeepSeek-R1-Distill-Llama-8B,vLLM,NVIDIA A100-PCIE-40GB,1,bfloat16,1,1024,1024,108.10138517990708,14.844889565836638,274.21345053763446,242.9739666666667,284.947,253.53,4128.822459655762,3644.6103331120016
deepseek-ai/DeepSeek-R1-Distill-Llama-8B,vLLM,NVIDIA A100-PCIE-40GB,1,bfloat16,2,1024,1024,351.48800956085324,15.832126419059932,275.709384469697,244.4386875,289.906,258.389,4426.986718649864,3911.020099318504
deepseek-ai/DeepSeek-R1-Distill-Llama-8B,vLLM,NVIDIA A100-PCIE-40GB,1,bfloat16,4,1024,1024,1323.357230052352,19.704458544962108,276.9201774390244,245.603275,302.592,271.175,5554.062942513705,4912.066360414982
deepseek-ai/DeepSeek-R1-Distill-Llama-8B,vLLM,NVIDIA A100-PCIE-40GB,1,bfloat16,8,1024,1024,5211.214509326965,38.175953967962414,270.53274059274065,239.08476623376623,309.875,277.669,10431.236807405949,9204.765544930697
deepseek-ai/DeepSeek-R1-Distill-Llama-8B,vLLM,NVIDIA A100-PCIE-40GB,1,bfloat16,1,2048,2048,179.21909224241972,30.05614247499033,276.28138974087784,244.70916393442624,293.308,261.514,8442.370405617714,7463.631217410088
deepseek-ai/DeepSeek-R1-Distill-Llama-8B,vLLM,NVIDIA A100-PCIE-40GB,1,bfloat16,2,2048,2048,692.1167131513357,32.80470053292811,276.24943916779733,244.64342424242423,293.594,261.703,9132.036469917295,8073.234721251726
deepseek-ai/DeepSeek-R1-Distill-Llama-8B,vLLM,NVIDIA A100-PCIE-40GB,1,bfloat16,4,2048,2048,2699.957876931876,45.06746874609962,280.24491961299566,248.5906043956044,310.158,278.097,12766.973423557043,11310.874606592894
deepseek-ai/DeepSeek-R1-Distill-Llama-8B,vLLM,NVIDIA A100-PCIE-40GB,1,bfloat16,8,2048,2048,10773.372451774776,127.89281515777112,276.9262493160263,245.16007421875003,312.25699999999995,280.102,35462.45128822589,31380.496909089805
deepseek-ai/DeepSeek-R1-Distill-Llama-8B,vLLM,NVIDIA A100-PCIE-40GB,2,float16,1,128,128,60.91672321781516,1.5708110430277884,286.8516,286.8516,347.813,347.813,634.0310128369331,634.0310128369331
deepseek-ai/DeepSeek-R1-Distill-Llama-8B,vLLM,NVIDIA A100-PCIE-40GB,2,float16,2,128,128,89.80270102620125,1.6666312357410789,249.8058,249.8058,344.378,344.378,555.840615780592,555.840615780592
deepseek-ai/DeepSeek-R1-Distill-Llama-8B,vLLM,NVIDIA A100-PCIE-40GB,2,float16,4,128,128,230.1776451058685,2.173256680369377,256.2145333333333,256.2145333333333,329.13300000000004,329.13300000000004,698.7276752381324,698.7276752381324
deepseek-ai/DeepSeek-R1-Distill-Llama-8B,vLLM,NVIDIA A100-PCIE-40GB,2,float16,8,128,128,922.7412627078592,3.9788808901794255,281.40817777777784,281.40817777777784,395.471,395.471,1330.9592474865915,1330.9592474865915
deepseek-ai/DeepSeek-R1-Distill-Llama-8B,vLLM,NVIDIA A100-PCIE-40GB,2,float16,1,256,256,64.92960499599576,3.0658755251206458,277.43882142857143,277.43882142857143,336.80499999999995,336.80499999999995,1035.3403919460775,1035.3403919460775
deepseek-ai/DeepSeek-R1-Distill-Llama-8B,vLLM,NVIDIA A100-PCIE-40GB,2,float16,2,256,256,151.5674930997193,3.2605154220946133,295.7282321428571,295.7282321428571,331.247,331.247,1100.3327001428604,1100.3327001428604
deepseek-ai/DeepSeek-R1-Distill-Llama-8B,vLLM,NVIDIA A100-PCIE-40GB,2,float16,4,256,256,492.2003950923681,4.343582993838936,295.08461111111114,295.08461111111114,350.025,350.025,1401.9383943748471,1401.9383943748471
deepseek-ai/DeepSeek-R1-Distill-Llama-8B,vLLM,NVIDIA A100-PCIE-40GB,2,float16,8,256,256,1802.035387139768,8.111402913928032,292.32580392156865,292.32580392156865,374.792,374.792,2554.338605242968,2554.338605242968
deepseek-ai/DeepSeek-R1-Distill-Llama-8B,vLLM,NVIDIA A100-PCIE-40GB,2,float16,1,512,512,92.51991799101232,6.1156661016866565,310.79115384615386,310.79115384615386,348.952,348.952,2092.66700363183,2092.66700363183
deepseek-ai/DeepSeek-R1-Distill-Llama-8B,vLLM,NVIDIA A100-PCIE-40GB,2,float16,2,512,512,230.63282389193773,6.64887904888019,299.0120095238095,299.0120095238095,337.40099999999995,337.40099999999995,2164.737550523281,2164.737550523281
deepseek-ai/DeepSeek-R1-Distill-Llama-8B,vLLM,NVIDIA A100-PCIE-40GB,2,float16,4,512,512,927.5063499808311,8.92854301771149,313.29118421052635,313.29118421052635,368.641,368.641,2895.784626010656,2895.784626010656
deepseek-ai/DeepSeek-R1-Distill-Llama-8B,vLLM,NVIDIA A100-PCIE-40GB,2,float16,8,512,512,3520.374829415232,16.903920342214406,316.5033806722689,316.5033806722689,396.792,396.792,5456.752012879133,5456.752012879133
deepseek-ai/DeepSeek-R1-Distill-Llama-8B,vLLM,NVIDIA A100-PCIE-40GB,2,float16,1,1024,1024,142.49985618516803,12.02683851029724,320.6309123076924,320.6309123076924,356.129,356.129,4085.351212960005,4085.351212960005
deepseek-ai/DeepSeek-R1-Distill-Llama-8B,vLLM,NVIDIA A100-PCIE-40GB,2,float16,2,1024,1024,494.33522997424006,13.391461479943246,327.5293161375662,327.5293161375662,373.498,373.498,4501.045241666794,4501.045241666794
deepseek-ai/DeepSeek-R1-Distill-Llama-8B,vLLM,NVIDIA A100-PCIE-40GB,2,float16,4,1024,1024,1806.9342067465184,18.378374071791768,336.2295263157894,336.2295263157894,389.572,389.572,6301.371965269803,6301.371965269803
deepseek-ai/DeepSeek-R1-Distill-Llama-8B,vLLM,NVIDIA A100-PCIE-40GB,2,float16,8,1024,1024,6990.797763224691,37.055295071564615,350.685643508772,350.685643508772,433.703,433.703,13235.1091816957,13235.1091816957
deepseek-ai/DeepSeek-R1-Distill-Llama-8B,vLLM,NVIDIA A100-PCIE-40GB,2,float16,1,2048,2048,234.9845757707953,24.56032896088436,333.2869682352941,333.2869682352941,363.027,363.027,8413.375724284171,8413.375724284171
deepseek-ai/DeepSeek-R1-Distill-Llama-8B,vLLM,NVIDIA A100-PCIE-40GB,2,float16,2,2048,2048,936.8782648816704,27.604911965783685,344.6498894110276,344.6498894110276,387.633,387.633,9733.521416054487,9733.521416054487
deepseek-ai/DeepSeek-R1-Distill-Llama-8B,vLLM,NVIDIA A100-PCIE-40GB,2,float16,4,2048,2048,3571.4263799600303,39.30680865282193,372.02259905063295,372.02259905063295,430.631,430.631,14784.494713454962,14784.494713454962
deepseek-ai/DeepSeek-R1-Distill-Llama-8B,vLLM,NVIDIA A100-PCIE-40GB,2,float16,8,2048,2048,14080.164296086878,86.17585183819756,422.139767125108,422.139767125108,517.517,517.517,36617.01766423583,36617.01766423583
deepseek-ai/DeepSeek-R1-Distill-Llama-8B,vLLM,NVIDIA A100-PCIE-40GB,2,bfloat16,1,128,128,59.53049007803202,1.5815875297412276,267.97925,267.97925,342.802,342.802,594.60307198143,594.60307198143
deepseek-ai/DeepSeek-R1-Distill-Llama-8B,vLLM,NVIDIA A100-PCIE-40GB,2,bfloat16,2,128,128,97.13168907910584,1.6439330531284213,270.84664999999995,270.84664999999995,337.029,337.029,603.2562077908516,603.2562077908516
deepseek-ai/DeepSeek-R1-Distill-Llama-8B,vLLM,NVIDIA A100-PCIE-40GB,2,bfloat16,4,128,128,234.4021419994533,2.1704583349637687,262.5067666666667,262.5067666666667,326.726,326.726,716.3501091387272,716.3501091387272
deepseek-ai/DeepSeek-R1-Distill-Llama-8B,vLLM,NVIDIA A100-PCIE-40GB,2,bfloat16,8,128,128,929.7428578138351,3.9785453961230814,284.28277777777777,284.28277777777777,351.773,351.773,1345.2071767013072,1345.2071767013072
deepseek-ai/DeepSeek-R1-Distill-Llama-8B,vLLM,NVIDIA A100-PCIE-40GB,2,bfloat16,1,256,256,66.4298222400248,3.0765734310261905,292.97673214285714,292.97673214285714,342.67100000000005,342.67100000000005,1091.8677817511557,1091.8677817511557
deepseek-ai/DeepSeek-R1-Distill-Llama-8B,vLLM,NVIDIA A100-PCIE-40GB,2,bfloat16,2,256,256,132.24312290549278,3.248531277757138,282.4681071428571,282.4681071428571,338.881,338.881,1055.5016719696523,1055.5016719696523
deepseek-ai/DeepSeek-R1-Distill-Llama-8B,vLLM,NVIDIA A100-PCIE-40GB,2,bfloat16,4,256,256,492.9340281523764,4.402583502233028,295.1416111111111,295.1416111111111,337.837,337.837,1398.9514249148367,1398.9514249148367
deepseek-ai/DeepSeek-R1-Distill-Llama-8B,vLLM,NVIDIA A100-PCIE-40GB,2,bfloat16,8,256,256,1788.1165388971567,8.120130348950624,283.42148692810457,283.42148692810457,357.139,357.139,2476.007456162692,2476.007456162692
deepseek-ai/DeepSeek-R1-Distill-Llama-8B,vLLM,NVIDIA A100-PCIE-40GB,2,bfloat16,1,512,512,97.39501075819136,6.098481292836368,303.5896483516483,303.5896483516483,347.39300000000003,347.39300000000003,2047.2580074708465,2047.2580074708465
deepseek-ai/DeepSeek-R1-Distill-Llama-8B,vLLM,NVIDIA A100-PCIE-40GB,2,bfloat16,2,512,512,229.2764992453158,6.58960460498929,315.9068380952381,315.9068380952381,352.12300000000005,352.12300000000005,2285.534060195446,2285.534060195446
deepseek-ai/DeepSeek-R1-Distill-Llama-8B,vLLM,NVIDIA A100-PCIE-40GB,2,bfloat16,4,512,512,921.2082093581556,8.92130368994549,316.9672339181286,316.9672339181286,377.072,377.072,2927.801739155531,2927.801739155531
deepseek-ai/DeepSeek-R1-Distill-Llama-8B,vLLM,NVIDIA A100-PCIE-40GB,2,bfloat16,8,512,512,3506.6902050748467,16.940592013299465,315.9168596638656,315.9168596638656,379.043,379.043,5449.137668279411,5449.137668279411
deepseek-ai/DeepSeek-R1-Distill-Llama-8B,vLLM,NVIDIA A100-PCIE-40GB,2,bfloat16,1,1024,1024,136.0775767825544,12.116430615074933,318.80703384615384,318.80703384615384,354.882,354.882,4061.936113822222,4061.936113822222
deepseek-ai/DeepSeek-R1-Distill-Llama-8B,vLLM,NVIDIA A100-PCIE-40GB,2,bfloat16,2,1024,1024,490.4793598689139,13.501726727001367,324.3634125615764,324.3634125615764,360.314,360.314,4619.894055764914,4619.894055764914
deepseek-ai/DeepSeek-R1-Distill-Llama-8B,vLLM,NVIDIA A100-PCIE-40GB,2,bfloat16,4,1024,1024,1784.1241676360369,18.3848611577414,330.67965078236125,330.67965078236125,378.815,378.815,6197.983891207932,6197.983891207932
deepseek-ai/DeepSeek-R1-Distill-Llama-8B,vLLM,NVIDIA A100-PCIE-40GB,2,bfloat16,8,1024,1024,6985.500939656049,37.32202057307586,344.31247631578947,344.31247631578947,415.215,415.215,12995.625625810384,12995.625625810384
deepseek-ai/DeepSeek-R1-Distill-Llama-8B,vLLM,NVIDIA A100-PCIE-40GB,2,bfloat16,1,2048,2048,233.7195510044694,24.58107061591,334.69962705882347,334.69962705882347,369.724,369.724,8448.42982620549,8448.42982620549
deepseek-ai/DeepSeek-R1-Distill-Llama-8B,vLLM,NVIDIA A100-PCIE-40GB,2,bfloat16,2,2048,2048,928.4485876560212,27.404590024147183,348.7048061688312,348.7048061688312,383.173,383.173,9673.2089542346,9673.2089542346
deepseek-ai/DeepSeek-R1-Distill-Llama-8B,vLLM,NVIDIA A100-PCIE-40GB,2,bfloat16,4,2048,2048,3544.65874331072,39.302339852787554,369.92207151898737,369.92207151898737,423.077,423.077,14701.449318692208,14701.449318692208
deepseek-ai/DeepSeek-R1-Distill-Llama-8B,vLLM,NVIDIA A100-PCIE-40GB,2,bfloat16,8,2048,2048,14044.855603016911,86.3736378280446,403.23563460899607,403.23563460899607,502.918,502.918,34975.86970858717,34975.86970858717
deepseek-ai/DeepSeek-R1-Distill-Qwen-7B,vLLM,NVIDIA A100-PCIE-40GB,1,float16,1,128,128,41.69761203229427,1.8180945781059563,228.01635,195.34075,284.745,251.673,472.3705156767369,390.6815
deepseek-ai/DeepSeek-R1-Distill-Qwen-7B,vLLM,NVIDIA A100-PCIE-40GB,1,float16,2,128,128,80.5299780331552,1.7918018801137805,224.22665,192.47925,273.90700000000004,242.098,464.3271986811161,384.9586835625172
deepseek-ai/DeepSeek-R1-Distill-Qwen-7B,vLLM,NVIDIA A100-PCIE-40GB,1,float16,4,128,128,166.1125337705016,2.060374151915312,281.22666666666663,249.803,287.942,256.425,718.7785750863552,624.5075601203441
deepseek-ai/DeepSeek-R1-Distill-Qwen-7B,vLLM,NVIDIA A100-PCIE-40GB,1,float16,8,128,128,651.0245027020574,3.103939138352871,269.1363928571428,238.00314285714285,310.469,279.224,957.5440445108412,833.011
deepseek-ai/DeepSeek-R1-Distill-Qwen-7B,vLLM,NVIDIA A100-PCIE-40GB,1,float16,1,256,256,52.28763818740845,3.55077598290518,248.01680555555555,217.00825,274.1,242.865,1007.5717912368776,868.0332469162942
deepseek-ai/DeepSeek-R1-Distill-Qwen-7B,vLLM,NVIDIA A100-PCIE-40GB,1,float16,2,256,256,103.8248729892075,3.5602002437226474,247.613875,216.386875,275.545,244.026,1006.0691561934948,865.5476264128686
deepseek-ai/DeepSeek-R1-Distill-Qwen-7B,vLLM,NVIDIA A100-PCIE-40GB,1,float16,4,256,256,340.6452862545848,4.182824682909995,243.70456666666664,212.57966666666667,284.645,253.419,1112.2332637448312,956.6087192122936
deepseek-ai/DeepSeek-R1-Distill-Qwen-7B,vLLM,NVIDIA A100-PCIE-40GB,1,float16,8,256,256,1260.3400480002165,6.350867069792002,257.0019615384616,225.8744615384616,285.906,254.571,1686.0768722596167,1468.1843425712584
deepseek-ai/DeepSeek-R1-Distill-Qwen-7B,vLLM,NVIDIA A100-PCIE-40GB,1,float16,1,512,512,80.0974159501493,7.087570688221604,254.0981,222.9806,275.922,244.585,1921.2948489608764,1672.3547896370887
deepseek-ai/DeepSeek-R1-Distill-Qwen-7B,vLLM,NVIDIA A100-PCIE-40GB,1,float16,2,512,512,165.14043882489204,7.178687328938395,260.15075833333333,229.10513333333336,283.504,251.995,1966.6541546385288,1718.2890881502628
deepseek-ai/DeepSeek-R1-Distill-Qwen-7B,vLLM,NVIDIA A100-PCIE-40GB,1,float16,4,512,512,646.3719247840345,8.48629413312301,265.317783625731,234.22588888888887,288.23,257.005,2403.406370370388,2108.033311084032
deepseek-ai/DeepSeek-R1-Distill-Qwen-7B,vLLM,NVIDIA A100-PCIE-40GB,1,float16,8,512,512,2504.2869658209383,13.419336064253002,274.9238783068783,243.9015925925925,307.331,276.086,3726.9846436960697,3292.672517839909
deepseek-ai/DeepSeek-R1-Distill-Qwen-7B,vLLM,NVIDIA A100-PCIE-40GB,1,float16,1,1024,1024,128.31131927669048,14.146594405174255,270.15014942528734,238.97148275862068,280.212,248.599,3932.767369408846,3465.087228199482
deepseek-ai/DeepSeek-R1-Distill-Qwen-7B,vLLM,NVIDIA A100-PCIE-40GB,1,float16,2,1024,1024,347.494391258806,14.6063567888923,271.3292795698925,240.0776666666667,287.751,256.224,4085.5655674345503,3601.165448183061
deepseek-ai/DeepSeek-R1-Distill-Qwen-7B,vLLM,NVIDIA A100-PCIE-40GB,1,float16,4,1024,1024,1282.6933739706874,17.58668527426198,273.64938588588586,242.40227777777773,296.087,264.752,4941.313687540292,4363.242046010494
deepseek-ai/DeepSeek-R1-Distill-Qwen-7B,vLLM,NVIDIA A100-PCIE-40GB,1,float16,8,1024,1024,5037.398609798402,30.053760123904794,275.6509888947647,244.30531147540984,315.182,283.553,8423.029917511702,7451.31363352251
deepseek-ai/DeepSeek-R1-Distill-Qwen-7B,vLLM,NVIDIA A100-PCIE-40GB,1,float16,1,2048,2048,183.0801600590348,28.58881749585271,279.3073062536528,247.83006896551728,289.464,257.663,8115.651986287594,7187.0732986512185
deepseek-ai/DeepSeek-R1-Distill-Qwen-7B,vLLM,NVIDIA A100-PCIE-40GB,1,float16,2,2048,2048,667.8027883172035,29.79264626977965,278.9048581967213,247.38035,290.051,258.346,8382.909916439057,7421.412281125069
deepseek-ai/DeepSeek-R1-Distill-Qwen-7B,vLLM,NVIDIA A100-PCIE-40GB,1,float16,4,2048,2048,2599.327332805842,37.68575575808063,276.4052857142857,244.835,299.046,267.058,10519.188457362176,9303.732133741856
deepseek-ai/DeepSeek-R1-Distill-Qwen-7B,vLLM,NVIDIA A100-PCIE-40GB,1,float16,8,2048,2048,10362.40007262677,70.77800693176687,273.8926395646607,242.20545774647888,321.32800000000003,288.312,19462.22558455729,17196.59148768068
deepseek-ai/DeepSeek-R1-Distill-Qwen-7B,vLLM,NVIDIA A100-PCIE-40GB,1,bfloat16,1,128,128,40.58620799332857,1.8166730338707568,224.85535,193.03575,273.778,241.783,465.6206298265457,386.0716147093773
deepseek-ai/DeepSeek-R1-Distill-Qwen-7B,vLLM,NVIDIA A100-PCIE-40GB,1,bfloat16,2,128,128,79.7636560164392,1.802971896249801,222.2663,190.5825,275.303,243.492,460.3746530499458,381.1651152350902
deepseek-ai/DeepSeek-R1-Distill-Qwen-7B,vLLM,NVIDIA A100-PCIE-40GB,1,bfloat16,4,128,128,171.73449927940965,2.0652507548220456,238.83346666666665,207.2858,288.31100000000004,256.692,612.8575664947034,518.214558980465
deepseek-ai/DeepSeek-R1-Distill-Qwen-7B,vLLM,NVIDIA A100-PCIE-40GB,1,bfloat16,8,128,128,631.2709772028029,3.193736845627427,275.25064285714285,243.85814285714284,295.246,263.799,979.0737298681736,853.5036849370002
deepseek-ai/DeepSeek-R1-Distill-Qwen-7B,vLLM,NVIDIA A100-PCIE-40GB,1,bfloat16,1,256,256,52.46603488922119,3.5571865579113364,249.0004166666667,217.76375,277.615,246.198,1011.6202300796508,871.0551853899956
deepseek-ai/DeepSeek-R1-Distill-Qwen-7B,vLLM,NVIDIA A100-PCIE-40GB,1,bfloat16,2,256,256,130.42088504880667,3.571803151164204,248.74008333333336,217.51875,278.483,247.066,1010.5712425999642,870.0752277841568
deepseek-ai/DeepSeek-R1-Distill-Qwen-7B,vLLM,NVIDIA A100-PCIE-40GB,1,bfloat16,4,256,256,329.0250338613987,4.208416447043419,251.80373333333333,220.65133333333333,283.156,251.861,1148.6931268823148,992.931097233534
deepseek-ai/DeepSeek-R1-Distill-Qwen-7B,vLLM,NVIDIA A100-PCIE-40GB,1,bfloat16,8,256,256,1218.1289619766176,6.544418473728001,260.78689523809527,229.66042857142853,304.454,273.199,1841.0718937547208,1607.6233567039967
deepseek-ai/DeepSeek-R1-Distill-Qwen-7B,vLLM,NVIDIA A100-PCIE-40GB,1,bfloat16,1,512,512,77.27799098938704,7.072759090922773,259.67210416666666,228.58766666666668,277.812,246.587,1963.083412145376,1714.4078601820468
deepseek-ai/DeepSeek-R1-Distill-Qwen-7B,vLLM,NVIDIA A100-PCIE-40GB,1,bfloat16,2,512,512,176.63202434778214,7.1986459363251925,263.21075,232.108,284.844,253.325,1989.632385541439,1740.8103484373091
deepseek-ai/DeepSeek-R1-Distill-Qwen-7B,vLLM,NVIDIA A100-PCIE-40GB,1,bfloat16,4,512,512,628.3721439540386,8.52620968176052,264.96622514619884,233.8752777777778,286.797,255.572,2400.241933642149,2104.8778669486046
deepseek-ai/DeepSeek-R1-Distill-Qwen-7B,vLLM,NVIDIA A100-PCIE-40GB,1,bfloat16,8,512,512,2415.4282421804965,13.741691970732065,279.8175751231527,248.70667857142857,317.919,286.029,3933.002274666786,3481.8941559634204
deepseek-ai/DeepSeek-R1-Distill-Qwen-7B,vLLM,NVIDIA A100-PCIE-40GB,1,bfloat16,1,1024,1024,131.73437304794788,14.18443186627701,268.6566873563218,237.5126206896552,285.19,253.684,3911.0948190474505,3443.9336556525227
deepseek-ai/DeepSeek-R1-Distill-Qwen-7B,vLLM,NVIDIA A100-PCIE-40GB,1,bfloat16,2,1024,1024,333.54317815974355,14.58631502604112,270.540040860215,239.34226666666663,289.256,257.657,4073.700468902589,3590.134835201264
deepseek-ai/DeepSeek-R1-Distill-Qwen-7B,vLLM,NVIDIA A100-PCIE-40GB,1,bfloat16,4,1024,1024,1241.1080058664083,17.661289321258664,272.7524084084084,241.5131111111111,289.829,258.398,4925.164348718643,4347.237244357348
deepseek-ai/DeepSeek-R1-Distill-Qwen-7B,vLLM,NVIDIA A100-PCIE-40GB,1,bfloat16,8,1024,1024,4889.042240101844,30.752160943113267,271.13697670250895,239.8125322580645,314.587,283.054,8420.91052285695,7434.190223464965
deepseek-ai/DeepSeek-R1-Distill-Qwen-7B,vLLM,NVIDIA A100-PCIE-40GB,1,bfloat16,1,2048,2048,164.40718714147806,28.61763843335212,278.4297291057861,246.96701724137927,292.72799999999995,261.013,8090.195178459884,7162.045021108152
deepseek-ai/DeepSeek-R1-Distill-Qwen-7B,vLLM,NVIDIA A100-PCIE-40GB,1,bfloat16,2,2048,2048,651.8971738405526,29.79467523423955,279.5855729508197,248.08795000000003,293.865,262.16,8403.317980230808,7442.640284976005
deepseek-ai/DeepSeek-R1-Distill-Qwen-7B,vLLM,NVIDIA A100-PCIE-40GB,1,bfloat16,4,2048,2048,2516.7542682029307,37.84357269387692,278.4696649008886,246.87219736842107,300.191,268.316,10597.648687563656,9381.145840862036
deepseek-ai/DeepSeek-R1-Distill-Qwen-7B,vLLM,NVIDIA A100-PCIE-40GB,1,bfloat16,8,2048,2048,10071.535958908498,72.33258004393429,276.59580458195563,244.88046896551728,314.561,281.724,20069.058429279805,17753.83846849513
deepseek-ai/DeepSeek-R1-Distill-Qwen-7B,vLLM,NVIDIA A100-PCIE-40GB,2,float16,1,128,128,55.667517241090536,1.5371391931548717,260.91095,260.91095,352.843,352.843,580.8315916662216,580.8315916662216
deepseek-ai/DeepSeek-R1-Distill-Qwen-7B,vLLM,NVIDIA A100-PCIE-40GB,2,float16,2,128,128,83.24117492884398,1.602371410932392,245.72445,245.72445,334.392,334.392,548.6191243629455,548.6191243629455
deepseek-ai/DeepSeek-R1-Distill-Qwen-7B,vLLM,NVIDIA A100-PCIE-40GB,2,float16,4,128,128,195.4882959835232,2.064429435878992,267.7488333333333,267.7488333333333,317.296,317.296,734.0881581959725,734.0881581959725
deepseek-ai/DeepSeek-R1-Distill-Qwen-7B,vLLM,NVIDIA A100-PCIE-40GB,2,float16,8,128,128,780.736702028662,3.555860491935164,270.05859722222226,270.05859722222226,370.064,370.064,1146.252889421463,1146.252889421463
deepseek-ai/DeepSeek-R1-Distill-Qwen-7B,vLLM,NVIDIA A100-PCIE-40GB,2,float16,1,256,256,55.54003827273846,2.9189216126687825,301.26764285714285,301.26764285714285,348.459,348.459,977.0507425279616,977.0507425279616
deepseek-ai/DeepSeek-R1-Distill-Qwen-7B,vLLM,NVIDIA A100-PCIE-40GB,2,float16,2,256,256,111.13299569115044,3.1365184369497,292.5865,292.5865,336.198,336.198,1095.8847290558815,1095.8847290558815
deepseek-ai/DeepSeek-R1-Distill-Qwen-7B,vLLM,NVIDIA A100-PCIE-40GB,2,float16,4,256,256,409.0031231753528,4.165247029159218,267.0725555555556,267.0725555555556,317.679,317.679,1268.3747892115116,1268.3747892115116
deepseek-ai/DeepSeek-R1-Distill-Qwen-7B,vLLM,NVIDIA A100-PCIE-40GB,2,float16,8,256,256,1481.508676894009,7.564933246932924,289.7311176470588,289.7311176470588,418.48,418.48,2386.553579254627,2386.553579254627
deepseek-ai/DeepSeek-R1-Distill-Qwen-7B,vLLM,NVIDIA A100-PCIE-40GB,2,float16,1,512,512,79.59249196574092,5.83073718007654,308.383391025641,308.383391025641,345.366,345.366,1925.3409112865925,1925.3409112865925
deepseek-ai/DeepSeek-R1-Distill-Qwen-7B,vLLM,NVIDIA A100-PCIE-40GB,2,float16,2,512,512,189.59080381318927,6.200553288217634,312.4632747252747,312.4632747252747,347.536,347.536,2103.621477360964,2103.621477360964
deepseek-ai/DeepSeek-R1-Distill-Qwen-7B,vLLM,NVIDIA A100-PCIE-40GB,2,float16,4,512,512,762.3909441754222,8.342437250074,290.3421928104575,290.3421928104575,390.043,390.043,2538.5155938942435,2538.5155938942435
deepseek-ai/DeepSeek-R1-Distill-Qwen-7B,vLLM,NVIDIA A100-PCIE-40GB,2,float16,8,512,512,2896.4560381136835,14.869766062125564,317.38425053763444,317.38425053763444,427.173,427.173,4838.455783013582,4838.455783013582
deepseek-ai/DeepSeek-R1-Distill-Qwen-7B,vLLM,NVIDIA A100-PCIE-40GB,2,float16,1,1024,1024,129.83395997434857,11.571554079651833,321.93098833333335,321.93098833333335,358.773,358.773,3941.3783486196994,3941.3783486196994
deepseek-ai/DeepSeek-R1-Distill-Qwen-7B,vLLM,NVIDIA A100-PCIE-40GB,2,float16,2,1024,1024,406.4423460513353,12.539015634916725,317.5846495726496,317.5846495726496,348.458,348.458,4206.190454776287,4206.190454776287
deepseek-ai/DeepSeek-R1-Distill-Qwen-7B,vLLM,NVIDIA A100-PCIE-40GB,2,float16,4,1024,1024,1477.398453745991,17.461270516738296,312.3940777777778,312.3940777777778,420.735,420.735,5543.660936475277,5543.660936475277
deepseek-ai/DeepSeek-R1-Distill-Qwen-7B,vLLM,NVIDIA A100-PCIE-40GB,2,float16,8,1024,1024,5752.681816928089,30.41950056189671,340.3120277630883,340.3120277630883,442.39200000000005,442.39200000000005,10461.633352133036,10461.633352133036
deepseek-ai/DeepSeek-R1-Distill-Qwen-7B,vLLM,NVIDIA A100-PCIE-40GB,2,float16,1,2048,2048,200.9384362027049,23.121240295935426,336.41174468085103,336.41174468085103,368.402,368.402,7987.528036655903,7987.528036655903
deepseek-ai/DeepSeek-R1-Distill-Qwen-7B,vLLM,NVIDIA A100-PCIE-40GB,2,float16,2,2048,2048,768.8253410160542,25.44643877632916,337.99975904977373,337.99975904977373,401.263,401.263,8702.020494847058,8702.020494847058
deepseek-ai/DeepSeek-R1-Distill-Qwen-7B,vLLM,NVIDIA A100-PCIE-40GB,2,float16,4,2048,2048,2924.855077639222,35.54105852264911,338.34305878995434,338.34305878995434,445.336,445.336,12262.111249553203,12262.111249553203
deepseek-ai/DeepSeek-R1-Distill-Qwen-7B,vLLM,NVIDIA A100-PCIE-40GB,2,float16,8,2048,2048,11572.634512092918,65.57120448211208,383.3319228184096,383.3319228184096,468.888,468.888,25390.7008261416,25390.7008261416
deepseek-ai/DeepSeek-R1-Distill-Qwen-7B,vLLM,NVIDIA A100-PCIE-40GB,2,bfloat16,1,128,128,54.65968372300267,1.5288666398264468,267.05485,267.05485,353.906,353.906,595.6552296748162,595.6552296748162
deepseek-ai/DeepSeek-R1-Distill-Qwen-7B,vLLM,NVIDIA A100-PCIE-40GB,2,bfloat16,2,128,128,83.7277490645647,1.5846994533203542,256.4436,256.4436,335.856,335.856,572.3896304078103,572.3896304078103
deepseek-ai/DeepSeek-R1-Distill-Qwen-7B,vLLM,NVIDIA A100-PCIE-40GB,2,bfloat16,4,128,128,194.49363788589835,2.065359936095774,264.1048333333333,264.1048333333333,318.155,318.155,719.3326599051952,719.3326599051952
deepseek-ai/DeepSeek-R1-Distill-Qwen-7B,vLLM,NVIDIA A100-PCIE-40GB,2,bfloat16,8,128,128,769.1250541247427,3.533337644767016,246.1716111111112,246.1716111111112,330.88300000000004,330.88300000000004,1045.4263352487087,1045.4263352487087
deepseek-ai/DeepSeek-R1-Distill-Qwen-7B,vLLM,NVIDIA A100-PCIE-40GB,2,bfloat16,1,256,256,57.72425094619393,2.9168628780171275,288.9813095238095,288.9813095238095,344.727,344.727,939.4401725289822,939.4401725289822
deepseek-ai/DeepSeek-R1-Distill-Qwen-7B,vLLM,NVIDIA A100-PCIE-40GB,2,bfloat16,2,256,256,118.0905089713633,3.109842357225716,281.57592857142856,281.57592857142856,338.439,338.439,1052.1192724950315,1052.1192724950315
deepseek-ai/DeepSeek-R1-Distill-Qwen-7B,vLLM,NVIDIA A100-PCIE-40GB,2,bfloat16,4,256,256,406.1536910012365,4.147950302809477,272.89795555555554,272.89795555555554,321.212,321.212,1289.3632020032403,1289.3632020032403
deepseek-ai/DeepSeek-R1-Distill-Qwen-7B,vLLM,NVIDIA A100-PCIE-40GB,2,bfloat16,8,256,256,1468.4466044418514,7.493527845945209,281.16719852941173,281.16719852941173,387.393,387.393,2313.760621036768,2313.760621036768
deepseek-ai/DeepSeek-R1-Distill-Qwen-7B,vLLM,NVIDIA A100-PCIE-40GB,2,bfloat16,1,512,512,82.32735795900226,5.832952577155083,303.54091025641026,303.54091025641026,348.433,348.433,1894.5892853319644,1894.5892853319644
deepseek-ai/DeepSeek-R1-Distill-Qwen-7B,vLLM,NVIDIA A100-PCIE-40GB,2,bfloat16,2,512,512,193.7153846956789,6.203289026860148,310.2924175824176,310.2924175824176,348.37,348.37,2089.18296202302,2089.18296202302
deepseek-ai/DeepSeek-R1-Distill-Qwen-7B,vLLM,NVIDIA A100-PCIE-40GB,2,bfloat16,4,512,512,756.0010147280991,8.333068322390318,295.1741176470588,295.1741176470588,386.538,386.538,2580.6395458538527,2580.6395458538527
deepseek-ai/DeepSeek-R1-Distill-Qwen-7B,vLLM,NVIDIA A100-PCIE-40GB,2,bfloat16,8,512,512,2870.033208746463,14.87027461407706,305.52701720430105,305.52701720430105,404.371,404.371,4656.347666198253,4656.347666198253
deepseek-ai/DeepSeek-R1-Distill-Qwen-7B,vLLM,NVIDIA A100-PCIE-40GB,2,bfloat16,1,1024,1024,138.53033212944865,11.57358179660514,326.5179116666667,326.5179116666667,358.648,358.648,3996.765442216634,3996.765442216634
deepseek-ai/DeepSeek-R1-Distill-Qwen-7B,vLLM,NVIDIA A100-PCIE-40GB,2,bfloat16,2,1024,1024,403.24876736849546,12.522488792892544,318.9537621082621,318.9537621082621,352.26300000000003,352.26300000000003,4223.8679746620655,4223.8679746620655
deepseek-ai/DeepSeek-R1-Distill-Qwen-7B,vLLM,NVIDIA A100-PCIE-40GB,2,bfloat16,4,1024,1024,1461.325705051422,17.344178876839578,306.7546547619047,306.7546547619047,401.554,401.554,5442.793183126688,5442.793183126688
deepseek-ai/DeepSeek-R1-Distill-Qwen-7B,vLLM,NVIDIA A100-PCIE-40GB,2,bfloat16,8,1024,1024,5700.306768994778,30.498390599153936,322.3897188940093,322.3897188940093,414.785,414.785,10072.160721784356,10072.160721784356
deepseek-ai/DeepSeek-R1-Distill-Qwen-7B,vLLM,NVIDIA A100-PCIE-40GB,2,bfloat16,1,2048,2048,189.5410111173988,23.1357977129519,341.43248404255314,341.43248404255314,383.403,383.403,8106.158962722064,8106.158962722064
deepseek-ai/DeepSeek-R1-Distill-Qwen-7B,vLLM,NVIDIA A100-PCIE-40GB,2,bfloat16,2,2048,2048,759.9324090406299,25.330897057894617,336.298689291101,336.298689291101,418.012,418.012,8657.020171482085,8657.020171482085
deepseek-ai/DeepSeek-R1-Distill-Qwen-7B,vLLM,NVIDIA A100-PCIE-40GB,2,bfloat16,4,2048,2048,2902.746270876378,35.807400511112064,333.730576674277,333.730576674277,408.93,408.93,12095.42587253499,12095.42587253499
deepseek-ai/DeepSeek-R1-Distill-Qwen-7B,vLLM,NVIDIA A100-PCIE-40GB,2,bfloat16,8,2048,2048,11450.277101248503,65.3192094010301,368.56203556557944,368.56203556557944,434.485,434.485,24228.48410802007,24228.48410802007
