Model Name,FrameWork,Hardware type,Count,Precision,Batch Size,In tokens,Out tokens,TTFT,Latency,Power Avg,Power Peak,Energy
meta-llama/Llama-2-7b-hf,Transformers,NVIDIA A100-PCIE-40GB,1,torch.bfloat16,1,128,128,52.390452940016985,5.79685784317553,185.32078,196.028,11119.287859927656
meta-llama/Llama-2-7b-hf,Transformers,NVIDIA A100-PCIE-40GB,1,torch.bfloat16,2,128,128,49.92592893540859,5.869445569813252,248.63128,262.816,14917.92976225257
meta-llama/Llama-2-7b-hf,Transformers,NVIDIA A100-PCIE-40GB,1,torch.bfloat16,4,128,128,79.36266018077731,5.743868869263679,248.10511813643927,258.77,14911.170762805938
meta-llama/Llama-2-7b-hf,Transformers,NVIDIA A100-PCIE-40GB,1,torch.bfloat16,8,128,128,140.18966630101204,5.808102059178054,248.2611048252912,305.691,14920.547709055185
meta-llama/Llama-2-7b-hf,Transformers,NVIDIA A100-PCIE-40GB,1,torch.bfloat16,16,128,128,188.22400690987703,5.788645457010716,248.38618,298.338,14903.225761404514
meta-llama/Llama-2-7b-hf,Transformers,NVIDIA A100-PCIE-40GB,1,torch.bfloat16,1,256,256,49.86305488273501,11.312266142107546,248.91077166666665,260.036,14934.702686252116
meta-llama/Llama-2-7b-hf,Transformers,NVIDIA A100-PCIE-40GB,1,torch.bfloat16,2,256,256,80.6979676708579,11.460021978244184,247.880915,262.811,14872.909695226432
meta-llama/Llama-2-7b-hf,Transformers,NVIDIA A100-PCIE-40GB,1,torch.bfloat16,4,256,256,107.15543711557984,11.549970315769317,247.73353333333333,278.213,14864.063591848137
meta-llama/Llama-2-7b-hf,Transformers,NVIDIA A100-PCIE-40GB,1,torch.bfloat16,8,256,256,188.01411194726825,12.22708360524848,247.9074601328904,260.81,14924.085778674124
meta-llama/Llama-2-7b-hf,Transformers,NVIDIA A100-PCIE-40GB,1,torch.bfloat16,16,256,256,355.6718891486525,11.124190762639046,248.4679750830565,263.176,14957.826971864224
meta-llama/Llama-2-7b-hf,Transformers,NVIDIA A100-PCIE-40GB,1,torch.bfloat16,1,512,512,82.47193461284041,22.42983625503257,248.3011433333333,294.945,14898.122836004257
meta-llama/Llama-2-7b-hf,Transformers,NVIDIA A100-PCIE-40GB,1,torch.bfloat16,2,512,512,128.81694920361042,21.907744859345257,247.939075,284.224,14876.40134712839
meta-llama/Llama-2-7b-hf,Transformers,NVIDIA A100-PCIE-40GB,1,torch.bfloat16,4,512,512,198.84031265974045,22.238685878925025,248.1004509151414,261.91,14910.892035217286
meta-llama/Llama-2-7b-hf,Transformers,NVIDIA A100-PCIE-40GB,1,torch.bfloat16,8,512,512,358.5999417118728,24.31305763032288,248.3547508305648,263.128,14951.010363046647
meta-llama/Llama-2-7b-hf,Transformers,NVIDIA A100-PCIE-40GB,1,torch.bfloat16,16,512,512,716.437938157469,25.26280617993325,248.1194800664452,272.042,14936.847266354322
meta-llama/Llama-2-7b-hf,Transformers,NVIDIA A100-PCIE-40GB,1,torch.bfloat16,1,1024,1024,129.32242965325713,43.64577272022143,247.9214633333333,258.883,14875.34206825161
meta-llama/Llama-2-7b-hf,Transformers,NVIDIA A100-PCIE-40GB,1,torch.bfloat16,2,1024,1024,192.2828769311309,46.425976305734366,248.3918402662229,261.698,14928.404348167896
meta-llama/Llama-2-7b-hf,Transformers,NVIDIA A100-PCIE-40GB,1,torch.bfloat16,4,1024,1024,360.4266992770136,43.91727761179209,248.59716086235488,266.191,14990.465631205085
meta-llama/Llama-2-7b-hf,Transformers,NVIDIA A100-PCIE-40GB,1,torch.bfloat16,8,1024,1024,721.851518843323,48.37478160532192,249.5805914332784,329.468,15149.598867318156
meta-llama/Llama-2-7b-hf,Transformers,NVIDIA A100-PCIE-40GB,1,torch.bfloat16,1,2048,2048,195.20789477974176,90.36194839840756,248.12596843853817,263.5,14937.238702387333
meta-llama/Llama-2-7b-hf,Transformers,NVIDIA A100-PCIE-40GB,1,torch.bfloat16,2,2048,2048,368.69338201358914,88.52478807466105,248.1496539101497,289.185,14913.847598397257
meta-llama/Llama-2-7b-hf,Transformers,NVIDIA A100-PCIE-40GB,1,torch.bfloat16,4,2048,2048,734.1589219868183,96.69181515276432,248.40318708609271,291.356,15003.609208408116
meta-llama/Meta-Llama-3-8B,Transformers,NVIDIA A100-PCIE-40GB,1,torch.bfloat16,1,128,128,48.554064240306616,6.153468963690102,193.8636,209.529,11631.857997075558
meta-llama/Meta-Llama-3-8B,Transformers,NVIDIA A100-PCIE-40GB,1,torch.bfloat16,2,128,128,58.24399925768376,6.210511398036033,242.1934875207987,258.981,14555.883418147803
meta-llama/Meta-Llama-3-8B,Transformers,NVIDIA A100-PCIE-40GB,1,torch.bfloat16,4,128,128,74.24273993819952,6.475846716202796,247.0068016666667,276.773,14820.46150856948
meta-llama/Meta-Llama-3-8B,Transformers,NVIDIA A100-PCIE-40GB,1,torch.bfloat16,8,128,128,108.5707456804812,6.293275309726596,248.28688352745425,282.457,14922.096317643163
meta-llama/Meta-Llama-3-8B,Transformers,NVIDIA A100-PCIE-40GB,1,torch.bfloat16,16,128,128,200.3816687501967,6.412727479822934,248.6987221297837,286.838,14946.8486031003
meta-llama/Meta-Llama-3-8B,Transformers,NVIDIA A100-PCIE-40GB,1,torch.bfloat16,1,256,256,60.17688103020191,12.068820905406028,244.45789683860232,261.712,14691.974113826036
meta-llama/Meta-Llama-3-8B,Transformers,NVIDIA A100-PCIE-40GB,1,torch.bfloat16,2,256,256,80.31294820830226,12.261594284325838,247.54754908485856,293.395,14877.6615881567
meta-llama/Meta-Llama-3-8B,Transformers,NVIDIA A100-PCIE-40GB,1,torch.bfloat16,4,256,256,121.78760301321743,12.629130342043936,248.24328785357736,277.742,14919.475276897903
meta-llama/Meta-Llama-3-8B,Transformers,NVIDIA A100-PCIE-40GB,1,torch.bfloat16,8,256,256,206.78456127643585,12.36282844701782,247.9053488372093,279.995,14923.956951160668
meta-llama/Meta-Llama-3-8B,Transformers,NVIDIA A100-PCIE-40GB,1,torch.bfloat16,16,256,256,388.19620572030544,12.704472070094198,248.33922019867555,304.713,14999.74224424219
meta-llama/Meta-Llama-3-8B,Transformers,NVIDIA A100-PCIE-40GB,1,torch.bfloat16,1,512,512,71.8012573197484,24.100615673698485,246.8916772046589,266.775,14838.245562470913
meta-llama/Meta-Llama-3-8B,Transformers,NVIDIA A100-PCIE-40GB,1,torch.bfloat16,2,512,512,110.4260291904211,24.60497646592557,247.4635141430948,280.723,14872.609890907526
meta-llama/Meta-Llama-3-8B,Transformers,NVIDIA A100-PCIE-40GB,1,torch.bfloat16,4,512,512,202.8369940817356,24.377129239030182,248.36111295681064,307.759,14951.393566848275
meta-llama/Meta-Llama-3-8B,Transformers,NVIDIA A100-PCIE-40GB,1,torch.bfloat16,8,512,512,389.4569221884012,25.055860839784145,247.7893034825871,282.948,14941.749050983668
meta-llama/Meta-Llama-3-8B,Transformers,NVIDIA A100-PCIE-40GB,1,torch.bfloat16,16,512,512,771.856714040041,25.96211005328223,247.9288460264901,284.103,14974.959780128003
meta-llama/Meta-Llama-3-8B,Transformers,NVIDIA A100-PCIE-40GB,1,torch.bfloat16,1,1024,1024,144.0613530576229,47.96930741518736,246.46155666666667,295.133,14787.748967497111
meta-llama/Meta-Llama-3-8B,Transformers,NVIDIA A100-PCIE-40GB,1,torch.bfloat16,2,1024,1024,204.61003575474024,49.40434885211289,248.11527287853573,287.633,14911.784157479524
meta-llama/Meta-Llama-3-8B,Transformers,NVIDIA A100-PCIE-40GB,1,torch.bfloat16,4,1024,1024,395.15341306105256,48.90865650307387,247.4513857615894,287.536,14946.11863774872
meta-llama/Meta-Llama-3-8B,Transformers,NVIDIA A100-PCIE-40GB,1,torch.bfloat16,8,1024,1024,779.2609762400389,49.72233076021075,248.3022826446281,302.092,15022.344236513376
meta-llama/Meta-Llama-3-8B,Transformers,NVIDIA A100-PCIE-40GB,1,torch.bfloat16,16,1024,1024,1533.0665167421105,72.04480072064325,248.6270658978584,352.347,15091.71942528224
meta-llama/Meta-Llama-3-8B,Transformers,NVIDIA A100-PCIE-40GB,1,torch.bfloat16,1,2048,2048,205.92065015807748,95.72112311515956,248.2082633333333,285.149,14892.550790068388
meta-llama/Meta-Llama-3-8B,Transformers,NVIDIA A100-PCIE-40GB,1,torch.bfloat16,2,2048,2048,402.2964858449996,98.15512528317048,248.50067993366503,283.822,14984.649691066264
meta-llama/Meta-Llama-3-8B,Transformers,NVIDIA A100-PCIE-40GB,1,torch.bfloat16,4,2048,2048,793.7470600008965,99.50761736091226,248.00340397351,290.024,14979.460506808997
meta-llama/Meta-Llama-3-8B,Transformers,NVIDIA A100-PCIE-40GB,1,torch.bfloat16,8,2048,2048,1556.312192697078,142.4160092999227,247.46604485049835,274.732,14897.511705244302
mistralai/Mistral-7B-v0.1,Transformers,NVIDIA A100-PCIE-40GB,1,torch.bfloat16,1,128,128,48.37414901703596,5.949306503869593,184.8163527454243,194.447,11107.50291462207
mistralai/Mistral-7B-v0.1,Transformers,NVIDIA A100-PCIE-40GB,1,torch.bfloat16,2,128,128,55.87575864046812,6.268010712694377,239.91329666666667,248.78,14394.85044110322
mistralai/Mistral-7B-v0.1,Transformers,NVIDIA A100-PCIE-40GB,1,torch.bfloat16,4,128,128,77.5338290259242,5.977900824975222,248.28219500000003,259.289,14896.985143651247
mistralai/Mistral-7B-v0.1,Transformers,NVIDIA A100-PCIE-40GB,1,torch.bfloat16,8,128,128,108.45511313527822,5.970789163839072,248.5296472545757,267.688,14936.684739572524
mistralai/Mistral-7B-v0.1,Transformers,NVIDIA A100-PCIE-40GB,1,torch.bfloat16,16,128,128,193.71018605306745,6.196039019152522,248.2490016611296,262.909,14944.64508742547
mistralai/Mistral-7B-v0.1,Transformers,NVIDIA A100-PCIE-40GB,1,torch.bfloat16,1,256,256,56.15087691694498,11.926001558080316,240.53500998336105,249.851,14456.206877678156
mistralai/Mistral-7B-v0.1,Transformers,NVIDIA A100-PCIE-40GB,1,torch.bfloat16,2,256,256,88.38376076892018,12.081327850930393,248.21294009983365,258.308,14917.65263623452
mistralai/Mistral-7B-v0.1,Transformers,NVIDIA A100-PCIE-40GB,1,torch.bfloat16,4,256,256,117.4243208952248,12.618099947925655,247.6381414309484,265.445,14883.105582510232
mistralai/Mistral-7B-v0.1,Transformers,NVIDIA A100-PCIE-40GB,1,torch.bfloat16,8,256,256,194.87262703478336,12.04141055699438,248.23997670549085,264.642,14919.27649450755
mistralai/Mistral-7B-v0.1,Transformers,NVIDIA A100-PCIE-40GB,1,torch.bfloat16,16,256,256,372.45331099256873,12.120745226275176,248.6482417218543,266.209,15018.408469516757
mistralai/Mistral-7B-v0.1,Transformers,NVIDIA A100-PCIE-40GB,1,torch.bfloat16,1,512,512,86.63900103420019,23.60491178696975,248.18679666666668,274.405,14891.262240001915
mistralai/Mistral-7B-v0.1,Transformers,NVIDIA A100-PCIE-40GB,1,torch.bfloat16,2,512,512,129.78274188935757,23.855282140895724,247.14845091514144,263.831,14853.676981303692
mistralai/Mistral-7B-v0.1,Transformers,NVIDIA A100-PCIE-40GB,1,torch.bfloat16,4,512,512,194.3550342693925,23.82752934098244,249.00835108153083,310.599,14965.458107613083
mistralai/Mistral-7B-v0.1,Transformers,NVIDIA A100-PCIE-40GB,1,torch.bfloat16,8,512,512,374.658047221601,24.32148175686598,248.30292013311143,283.721,14923.059383232354
mistralai/Mistral-7B-v0.1,Transformers,NVIDIA A100-PCIE-40GB,1,torch.bfloat16,16,512,512,742.8216063417494,25.04211321100593,248.4742191103789,335.061,15082.440156251909
mistralai/Mistral-7B-v0.1,Transformers,NVIDIA A100-PCIE-40GB,1,torch.bfloat16,1,1024,1024,130.03946328535676,48.45623115682975,248.1995074875208,275.295,14916.842925147534
mistralai/Mistral-7B-v0.1,Transformers,NVIDIA A100-PCIE-40GB,1,torch.bfloat16,2,1024,1024,203.8812516257167,48.100738120730966,248.84026744186048,299.106,14980.238823552132
mistralai/Mistral-7B-v0.1,Transformers,NVIDIA A100-PCIE-40GB,1,torch.bfloat16,4,1024,1024,376.5707388520241,48.36866530403495,248.45353166666663,270.439,14907.267513863564
mistralai/Mistral-7B-v0.1,Transformers,NVIDIA A100-PCIE-40GB,1,torch.bfloat16,8,1024,1024,751.4707553200424,50.27016658289358,248.5619018302829,288.399,14938.623704553604
mistralai/Mistral-7B-v0.1,Transformers,NVIDIA A100-PCIE-40GB,1,torch.bfloat16,16,1024,1024,1472.0363859087229,69.87320133578032,248.2677459283388,331.5,15243.695087977649
mistralai/Mistral-7B-v0.1,Transformers,NVIDIA A100-PCIE-40GB,1,torch.bfloat16,1,2048,2048,200.9689724072814,99.55207229033113,248.4272379367721,306.39,14930.530874163387
mistralai/Mistral-7B-v0.1,Transformers,NVIDIA A100-PCIE-40GB,1,torch.bfloat16,2,2048,2048,385.6417997740209,98.8356810901314,248.2597263681592,287.852,14970.117590965749
mistralai/Mistral-7B-v0.1,Transformers,NVIDIA A100-PCIE-40GB,1,torch.bfloat16,4,2048,2048,763.5387079790235,95.60655609797686,248.0075640599001,271.571,14905.309792929413
mistralai/Mistral-7B-v0.1,Transformers,NVIDIA A100-PCIE-40GB,1,torch.bfloat16,8,2048,2048,1502.298110164702,138.50710312183946,248.3035272727273,271.48,15022.4186448164
mistralai/Mistral-7B-v0.1,Transformers,NVIDIA A100-PCIE-40GB,1,torch.bfloat16,16,2048,2048,2995.7990082912147,235.56739363679665,247.8644337152209,302.164,15144.572008926152
Qwen/Qwen2-7B,Transformers,NVIDIA A100-PCIE-40GB,1,torch.bfloat16,1,128,128,41.13021586090326,5.366264402866364,208.211775,223.186,12492.752207780122
Qwen/Qwen2-7B,Transformers,NVIDIA A100-PCIE-40GB,1,torch.bfloat16,2,128,128,46.07582278549671,5.279111964162439,245.85934,264.405,14751.614210407495
Qwen/Qwen2-7B,Transformers,NVIDIA A100-PCIE-40GB,1,torch.bfloat16,4,128,128,78.0335059389472,5.81700293906033,248.19266666666664,297.417,14891.61539219141
Qwen/Qwen2-7B,Transformers,NVIDIA A100-PCIE-40GB,1,torch.bfloat16,8,128,128,136.13054528832436,5.308234763797373,247.4871514143095,287.062,14874.031314737558
Qwen/Qwen2-7B,Transformers,NVIDIA A100-PCIE-40GB,1,torch.bfloat16,16,128,128,183.3406100049615,5.412027465645224,247.62482724252493,286.953,14907.07070671296
Qwen/Qwen2-7B,Transformers,NVIDIA A100-PCIE-40GB,1,torch.bfloat16,1,256,256,46.11990228295326,10.82495125196874,239.893,260.995,14393.63158800602
Qwen/Qwen2-7B,Transformers,NVIDIA A100-PCIE-40GB,1,torch.bfloat16,2,256,256,72.9367402382195,10.536341059021652,247.80045833333327,266.899,14868.081047819376
Qwen/Qwen2-7B,Transformers,NVIDIA A100-PCIE-40GB,1,torch.bfloat16,4,256,256,117.2549999319017,10.707942333072424,247.00983194675536,279.396,14845.34337881088
Qwen/Qwen2-7B,Transformers,NVIDIA A100-PCIE-40GB,1,torch.bfloat16,8,256,256,187.0089345611632,10.631422468926758,247.6885415282392,317.044,14910.904422830345
Qwen/Qwen2-7B,Transformers,NVIDIA A100-PCIE-40GB,1,torch.bfloat16,16,256,256,361.6497330367565,10.861411223188044,248.08156644518272,292.587,14934.56649383974
Qwen/Qwen2-7B,Transformers,NVIDIA A100-PCIE-40GB,1,torch.bfloat16,1,512,512,71.72201806679368,21.32023333478719,248.21127121464224,282.22,14917.550382232428
Qwen/Qwen2-7B,Transformers,NVIDIA A100-PCIE-40GB,1,torch.bfloat16,2,512,512,116.8825994245708,21.55948178190738,246.9255723793677,281.882,14840.280021012544
Qwen/Qwen2-7B,Transformers,NVIDIA A100-PCIE-40GB,1,torch.bfloat16,4,512,512,183.22379188612103,21.793859412893653,247.5583427620633,285.34,14878.308696674349
Qwen/Qwen2-7B,Transformers,NVIDIA A100-PCIE-40GB,1,torch.bfloat16,8,512,512,364.9031431414187,21.658185090404004,247.64422628951743,286.771,14883.471796500206
Qwen/Qwen2-7B,Transformers,NVIDIA A100-PCIE-40GB,1,torch.bfloat16,16,512,512,711.0782968811691,21.71148880990222,247.4838105436573,281.423,15022.321622708798
Qwen/Qwen2-7B,Transformers,NVIDIA A100-PCIE-40GB,1,torch.bfloat16,1,1024,1024,102.90187317878008,42.12851065397263,246.68206333333336,280.735,14800.977956615448
Qwen/Qwen2-7B,Transformers,NVIDIA A100-PCIE-40GB,1,torch.bfloat16,2,1024,1024,196.5650920756161,42.39593721181154,247.91925790349416,325.782,14900.003544811249
Qwen/Qwen2-7B,Transformers,NVIDIA A100-PCIE-40GB,1,torch.bfloat16,4,1024,1024,364.0827019698918,44.39365526288748,248.5761447587354,303.647,14939.481914036036
Qwen/Qwen2-7B,Transformers,NVIDIA A100-PCIE-40GB,1,torch.bfloat16,8,1024,1024,714.2796232365072,43.04836902208626,248.150911813644,279.797,14913.924947030782
Qwen/Qwen2-7B,Transformers,NVIDIA A100-PCIE-40GB,1,torch.bfloat16,16,1024,1024,1406.3534922897816,54.33774333121255,247.912431372549,272.247,15172.29656469059
Qwen/Qwen2-7B,Transformers,NVIDIA A100-PCIE-40GB,1,torch.bfloat16,1,2048,2048,188.8885209336877,86.39904269296676,246.82002990033223,286.283,14858.620385144472
Qwen/Qwen2-7B,Transformers,NVIDIA A100-PCIE-40GB,1,torch.bfloat16,2,2048,2048,370.8525490947068,85.95834315614775,247.89571026490069,290.131,14972.957102819206
Qwen/Qwen2-7B,Transformers,NVIDIA A100-PCIE-40GB,1,torch.bfloat16,4,2048,2048,727.8714370913804,85.51722790161148,247.34570149253727,339.612,14915.000326546193
Qwen/Qwen2-7B,Transformers,NVIDIA A100-PCIE-40GB,1,torch.bfloat16,8,2048,2048,1426.5541518107057,107.65349171869455,247.76616309719927,274.639,15039.460193110466
Qwen/Qwen2-7B,Transformers,NVIDIA A100-PCIE-40GB,1,torch.bfloat16,16,2048,2048,2962.856466881931,173.84391072532162,247.74116501650167,278.278,15013.168023050546
deepseek-ai/DeepSeek-R1-Distill-Llama-8B,Transformers,NVIDIA A100-PCIE-40GB,1,torch.bfloat16,1,128,128,48.03015105426312,6.089101975783706,199.35209166666667,213.812,11961.167201657296
deepseek-ai/DeepSeek-R1-Distill-Llama-8B,Transformers,NVIDIA A100-PCIE-40GB,1,torch.bfloat16,2,128,128,56.959884241223335,6.280854019802064,244.2950483333333,261.969,14657.75640460396
deepseek-ai/DeepSeek-R1-Distill-Llama-8B,Transformers,NVIDIA A100-PCIE-40GB,1,torch.bfloat16,4,128,128,82.31552178040147,6.397800193168223,247.09675041597336,306.59,14850.568032591342
deepseek-ai/DeepSeek-R1-Distill-Llama-8B,Transformers,NVIDIA A100-PCIE-40GB,1,torch.bfloat16,8,128,128,142.4165298230946,6.311722625978291,248.27567720465885,322.695,14921.42172455454
deepseek-ai/DeepSeek-R1-Distill-Llama-8B,Transformers,NVIDIA A100-PCIE-40GB,1,torch.bfloat16,16,128,128,203.0650950036943,6.3884592447429895,247.2107342192692,287.453,14882.142462394238
deepseek-ai/DeepSeek-R1-Distill-Llama-8B,Transformers,NVIDIA A100-PCIE-40GB,1,torch.bfloat16,1,256,256,60.226768255233765,12.594011624343691,243.8440382695508,262.749,14655.079643258094
deepseek-ai/DeepSeek-R1-Distill-Llama-8B,Transformers,NVIDIA A100-PCIE-40GB,1,torch.bfloat16,2,256,256,78.82347516715527,12.52289468003437,246.6851883333333,298.289,14801.1653605814
deepseek-ai/DeepSeek-R1-Distill-Llama-8B,Transformers,NVIDIA A100-PCIE-40GB,1,torch.bfloat16,4,256,256,132.2494330815971,12.349031746853145,247.76863061564063,284.453,14890.948492692709
deepseek-ai/DeepSeek-R1-Distill-Llama-8B,Transformers,NVIDIA A100-PCIE-40GB,1,torch.bfloat16,8,256,256,207.01666129753,12.467531078960748,247.47135607321127,287.938,14873.085137162208
deepseek-ai/DeepSeek-R1-Distill-Llama-8B,Transformers,NVIDIA A100-PCIE-40GB,1,torch.bfloat16,16,256,256,388.71968537569046,12.640105211175978,247.9329334442596,291.25,14900.822354161975
deepseek-ai/DeepSeek-R1-Distill-Llama-8B,Transformers,NVIDIA A100-PCIE-40GB,1,torch.bfloat16,1,512,512,91.48057317361236,23.814382410608232,246.41137666666663,267.8,14784.735705891131
deepseek-ai/DeepSeek-R1-Distill-Llama-8B,Transformers,NVIDIA A100-PCIE-40GB,1,torch.bfloat16,2,512,512,116.47092876955868,24.2055212603882,247.58203660565724,329.298,14879.736609639644
deepseek-ai/DeepSeek-R1-Distill-Llama-8B,Transformers,NVIDIA A100-PCIE-40GB,1,torch.bfloat16,4,512,512,203.24093475937843,25.39638331113383,247.6998585690516,283.832,14886.817450824976
deepseek-ai/DeepSeek-R1-Distill-Llama-8B,Transformers,NVIDIA A100-PCIE-40GB,1,torch.bfloat16,8,512,512,390.3502081520856,25.11315817805007,247.9707930463576,309.784,14977.489760294437
deepseek-ai/DeepSeek-R1-Distill-Llama-8B,Transformers,NVIDIA A100-PCIE-40GB,1,torch.bfloat16,16,512,512,773.3654440380633,25.843715920113027,247.8767950413224,294.778,14996.59951653576
deepseek-ai/DeepSeek-R1-Distill-Llama-8B,Transformers,NVIDIA A100-PCIE-40GB,1,torch.bfloat16,1,1024,1024,145.02829080447555,23.8340321672149,247.37818500000003,277.664,14842.74521789694
deepseek-ai/DeepSeek-R1-Distill-Llama-8B,Transformers,NVIDIA A100-PCIE-40GB,1,torch.bfloat16,2,1024,1024,204.65049194172025,50.066177626140416,247.583523255814,283.787,14904.583077328203
deepseek-ai/DeepSeek-R1-Distill-Llama-8B,Transformers,NVIDIA A100-PCIE-40GB,1,torch.bfloat16,4,1024,1024,393.4018411673605,49.6024977248162,247.23583913764512,287.254,14908.374976540566
deepseek-ai/DeepSeek-R1-Distill-Llama-8B,Transformers,NVIDIA A100-PCIE-40GB,1,torch.bfloat16,8,1024,1024,782.9008758999407,50.135384324006736,247.9330862354892,323.361,14950.420407599926
deepseek-ai/DeepSeek-R1-Distill-Llama-8B,Transformers,NVIDIA A100-PCIE-40GB,1,torch.bfloat16,16,1024,1024,1533.2165458239615,71.83445634366944,248.01519736842104,330.432,15079.380996789456
deepseek-ai/DeepSeek-R1-Distill-Llama-8B,Transformers,NVIDIA A100-PCIE-40GB,1,torch.bfloat16,1,2048,2048,206.71101473271847,18.76002094801516,247.91107653910143,289.19,14899.509100587367
deepseek-ai/DeepSeek-R1-Distill-Llama-8B,Transformers,NVIDIA A100-PCIE-40GB,1,torch.bfloat16,2,2048,2048,402.180053293705,46.62128815380856,248.1223261589404,292.293,14986.64309125757
deepseek-ai/DeepSeek-R1-Distill-Llama-8B,Transformers,NVIDIA A100-PCIE-40GB,1,torch.bfloat16,4,2048,2048,791.5155692026019,100.45649059303103,248.3419140495868,347.635,15024.740719310284
deepseek-ai/DeepSeek-R1-Distill-Llama-8B,Transformers,NVIDIA A100-PCIE-40GB,1,torch.bfloat16,8,2048,2048,1561.3760259002447,141.91627467004582,247.6325373134328,279.717,14932.296457466126
deepseek-ai/DeepSeek-R1-Distill-Qwen-7B,Transformers,NVIDIA A100-PCIE-40GB,1,torch.bfloat16,1,128,128,40.997857227921486,5.473211475647986,199.87056166666667,217.559,11992.276232855558
deepseek-ai/DeepSeek-R1-Distill-Qwen-7B,Transformers,NVIDIA A100-PCIE-40GB,1,torch.bfloat16,2,128,128,50.69803074002266,5.647440440952778,240.39191,262.608,14423.56617187476
deepseek-ai/DeepSeek-R1-Distill-Qwen-7B,Transformers,NVIDIA A100-PCIE-40GB,1,torch.bfloat16,4,128,128,68.80445685237646,5.839283470064402,248.30557666666664,297.988,14898.390076044085
deepseek-ai/DeepSeek-R1-Distill-Qwen-7B,Transformers,NVIDIA A100-PCIE-40GB,1,torch.bfloat16,8,128,128,110.34555407240988,5.585667833685875,247.1080432612313,274.906,14851.24689239192
deepseek-ai/DeepSeek-R1-Distill-Qwen-7B,Transformers,NVIDIA A100-PCIE-40GB,1,torch.bfloat16,16,128,128,184.6672189421952,5.663058621808887,247.41829950083192,285.532,14869.894471612217
deepseek-ai/DeepSeek-R1-Distill-Qwen-7B,Transformers,NVIDIA A100-PCIE-40GB,1,torch.bfloat16,1,256,256,50.649574026465416,11.069885951001195,239.74349,261.16,14384.660802622318
deepseek-ai/DeepSeek-R1-Distill-Qwen-7B,Transformers,NVIDIA A100-PCIE-40GB,1,torch.bfloat16,2,256,256,78.29656405374408,11.002679918892682,248.00059833333333,310.267,14880.089440731525
deepseek-ai/DeepSeek-R1-Distill-Qwen-7B,Transformers,NVIDIA A100-PCIE-40GB,1,torch.bfloat16,4,256,256,102.8105760924518,10.943452927749604,247.4434875207987,276.712,14871.408337471248
deepseek-ai/DeepSeek-R1-Distill-Qwen-7B,Transformers,NVIDIA A100-PCIE-40GB,1,torch.bfloat16,8,256,256,182.1723883040249,10.724813808687031,248.4059518272425,296.335,14954.09259197998
deepseek-ai/DeepSeek-R1-Distill-Qwen-7B,Transformers,NVIDIA A100-PCIE-40GB,1,torch.bfloat16,16,256,256,361.8582310155034,11.28856715001166,247.6187711442786,283.914,14931.467021565437
deepseek-ai/DeepSeek-R1-Distill-Qwen-7B,Transformers,NVIDIA A100-PCIE-40GB,1,torch.bfloat16,1,512,512,78.74291623011231,19.4873177241534,247.9208103161397,268.01,14900.094136485575
deepseek-ai/DeepSeek-R1-Distill-Qwen-7B,Transformers,NVIDIA A100-PCIE-40GB,1,torch.bfloat16,2,512,512,107.05974511802197,22.38461648672819,246.9126533333333,310.057,14814.812855686663
deepseek-ai/DeepSeek-R1-Distill-Qwen-7B,Transformers,NVIDIA A100-PCIE-40GB,1,torch.bfloat16,4,512,512,192.689741961658,22.130518334917724,248.1241913477538,283.919,14912.317204797982
deepseek-ai/DeepSeek-R1-Distill-Qwen-7B,Transformers,NVIDIA A100-PCIE-40GB,1,torch.bfloat16,8,512,512,363.73821506276727,21.66789833921939,248.30531114808653,335.153,14923.203921793938
deepseek-ai/DeepSeek-R1-Distill-Qwen-7B,Transformers,NVIDIA A100-PCIE-40GB,1,torch.bfloat16,16,512,512,709.4932859763503,22.72132855001837,247.720801980198,280.47,15011.934266144992
deepseek-ai/DeepSeek-R1-Distill-Qwen-7B,Transformers,NVIDIA A100-PCIE-40GB,1,torch.bfloat16,1,1024,1024,104.16062315925956,44.037454596254975,247.0123477537437,274.323,14845.495506508829
deepseek-ai/DeepSeek-R1-Distill-Qwen-7B,Transformers,NVIDIA A100-PCIE-40GB,1,torch.bfloat16,2,1024,1024,185.8641728758812,44.27557123173028,249.1911048252912,324.102,14976.440438311814
deepseek-ai/DeepSeek-R1-Distill-Qwen-7B,Transformers,NVIDIA A100-PCIE-40GB,1,torch.bfloat16,4,1024,1024,366.8265407904983,45.43546190299094,247.78286855241268,302.847,14891.80554193163
deepseek-ai/DeepSeek-R1-Distill-Qwen-7B,Transformers,NVIDIA A100-PCIE-40GB,1,torch.bfloat16,8,1024,1024,713.5246978141367,43.99841850390658,248.1950993377484,325.979,14991.038615729569
deepseek-ai/DeepSeek-R1-Distill-Qwen-7B,Transformers,NVIDIA A100-PCIE-40GB,1,torch.bfloat16,16,1024,1024,1407.2103700600564,55.53006098465994,247.25082894736843,282.522,15032.904227048395
deepseek-ai/DeepSeek-R1-Distill-Qwen-7B,Transformers,NVIDIA A100-PCIE-40GB,1,torch.bfloat16,1,2048,2048,189.93414100259545,86.963938487228,247.8937504159734,329.738,14898.470049188138
deepseek-ai/DeepSeek-R1-Distill-Qwen-7B,Transformers,NVIDIA A100-PCIE-40GB,1,torch.bfloat16,2,2048,2048,369.5268668234348,88.58962035086006,246.88290863787373,285.134,14862.404712952137
deepseek-ai/DeepSeek-R1-Distill-Qwen-7B,Transformers,NVIDIA A100-PCIE-40GB,1,torch.bfloat16,4,2048,2048,724.680672865361,89.20825865166262,246.77084053156148,282.387,14855.658080070973
deepseek-ai/DeepSeek-R1-Distill-Qwen-7B,Transformers,NVIDIA A100-PCIE-40GB,1,torch.bfloat16,8,2048,2048,1425.211078952998,109.6992375506088,247.86156600660067,271.39,15020.46499313116
deepseek-ai/DeepSeek-R1-Distill-Qwen-7B,Transformers,NVIDIA A100-PCIE-40GB,1,torch.bfloat16,16,2048,2048,2962.175468914211,176.18639941513538,248.39633223140493,277.325,15028.033464060543
meta-llama/Llama-2-7b-hf,Transformers,NVIDIA A100-PCIE-40GB,1,torch.float16,32,128,128,369.8715409263969,6.422036296920851,,,
meta-llama/Llama-2-7b-hf,Transformers,NVIDIA A100-PCIE-40GB,1,torch.float16,32,128,128,372.1976259257645,6.061966377776116,,,
meta-llama/Llama-2-7b-hf,Transformers,Intel(R) Data Center GPU Max 1550,1,torch.float16,1,128,128,108.69158897548914,4.766264362959191,,,
meta-llama/Llama-2-7b-hf,Transformers,Intel(R) Data Center GPU Max 1550,1,torch.float16,1,256,256,46.60155298188329,9.193699638010004,,,
meta-llama/Llama-2-7b-hf,Transformers,Intel(R) Data Center GPU Max 1550,1,torch.float16,2,128,128,49.269834998995066,4.838553495006636,,,
meta-llama/Llama-2-7b-hf,Transformers,Intel(R) Data Center GPU Max 1550,1,torch.float16,2,256,256,65.15566597227007,9.159094535978513,,,
meta-llama/Llama-2-7b-hf,Transformers,Intel(R) Data Center GPU Max 1550,1,torch.float16,4,128,128,65.54521806538105,4.839971234090626,,,
meta-llama/Llama-2-7b-hf,Transformers,Intel(R) Data Center GPU Max 1550,1,torch.float16,1,128,128,106.62918095476924,1.5363604850135744,,,
meta-llama/Llama-2-7b-hf,Transformers,Intel(R) Data Center GPU Max 1550,1,torch.float16,1,128,128,107.99694200977684,4.78224958491046,,,
meta-llama/Llama-2-7b-hf,Transformers,Intel(R) Data Center GPU Max 1550,1,torch.float16,2,128,128,46.174444956704974,4.772146624978632,,,
meta-llama/Llama-2-7b-hf,Transformers,Intel(R) Data Center GPU Max 1550,1,torch.float16,4,128,128,65.34917303360999,4.609210786991753,,,
meta-llama/Llama-2-7b-hf,Transformers,Intel(R) Data Center GPU Max 1550,1,torch.float16,1,128,128,108.70264505501837,4.76380839094054,,,
meta-llama/Llama-2-7b-hf,Transformers,Intel(R) Data Center GPU Max 1550,1,torch.float16,2,128,128,47.995220054872334,4.781540508032776,,,
meta-llama/Llama-2-7b-hf,Transformers,Intel(R) Data Center GPU Max 1550,1,torch.float16,2,128,128,46.3226999854669,4.830915551981889,,,
meta-llama/Llama-2-7b-hf,Transformers,Intel(R) Data Center GPU Max 1550,1,torch.float16,4,128,128,64.99844195786864,4.885899366112426,,,
meta-llama/Llama-2-7b-hf,Transformers,Intel(R) Data Center GPU Max 1550,1,torch.float16,4,128,128,64.79570700321347,4.894466404919513,,,
meta-llama/Llama-2-7b-hf,Transformers,Intel(R) Data Center GPU Max 1550,1,torch.float16,4,128,128,65.34112093504518,4.909858781960793,,,
meta-llama/Llama-2-7b-hf,Transformers,Intel(R) Data Center GPU Max 1550,1,torch.float32,6,128,128,466.46294102538377,7.718874722952023,,,
meta-llama/Llama-2-7b-hf,Transformers,Intel(R) Data Center GPU Max 1550,1,torch.float32,16,128,128,1179.5936750713736,9.731355040916242,,,
meta-llama/Llama-2-7b-hf,Transformers,Intel(R) Data Center GPU Max 1550,1,torch.float32,16,128,128,1186.081289080903,9.822792886989191,,,
meta-llama/Llama-2-7b-hf,Transformers,Intel(R) Data Center GPU Max 1550,1,torch.bfloat16,16,128,128,167.98772499896586,5.8276696760440245,,,
meta-llama/Llama-2-7b-hf,Transformers,Intel(R) Data Center GPU Max 1550,1,torch.bfloat16,24,128,128,255.771821946837,7.020785919041373,,,